0.29468,0.4386,0.41118,0.63734,0.93887,1.4254,1.1582,1.5214,1.5145,0.95258,1.0965,1.3363,1.8161,1.4254,0.73328,0.84293,0.75384,0.74698,0.38377,0.63734,0.52083
0.26042,0.4386,0.39063,0.70587,0.86349,1.2884,0.88405,1.5077,1.4254,1.1513,0.97314,1.1719,1.8024,1.3021,0.79496,0.87719,0.7744,0.80181,0.43174,0.32895,0.233
0.233,0.30839,0.31524,0.46601,1.0074,1.4597,1.2336,1.3158,1.4391,1.3089,1.1856,1.3775,1.4734,1.4734,0.87719,0.8909,0.63048,0.62363,0.38377,0.39063,0.233
0.50027,0.40433,0.41118,0.62363,0.95258,1.1856,0.82237,1.6996,1.261,1.1239,1.2404,1.494,1.679,1.446,0.87719,0.97999,0.68531,0.42489,0.34265,0.32209,0.39063
0.41118,0.26042,0.47286,0.48657,0.7881,1.2815,0.97314,1.5488,1.5419,0.93202,1.213,1.1993,1.7201,1.0896,0.97314,0.88405,0.66475,0.66475,0.37692,0.19189,0.34951
0.34951,0.44545,0.39748,0.53454,0.97314,1.3226,1.1719,1.6105,1.4529,1.3706,1.028,1.1924,1.6516,1.3843,0.57566,0.75384,0.71957,0.38377,0.40433,0.26727,0.32209
0.37692,0.34951,0.34265,0.50027,0.91831,1.4049,1.2336,1.7133,1.6859,1.1993,0.93887,1.1102,1.4391,1.5214,1.0417,0.59622,0.57566,0.49342,0.39063,0.25356,0.27412
0.31524,0.27412,0.41804,0.51398,0.64419,1.4666,1.0622,1.3432,1.7818,1.3295,0.94572,1.3226,1.1993,1.4049,0.92516,0.60992,0.45916,0.39063,0.47286,0.25356,0.45916
0.37692,0.29468,0.41118,0.46601,0.60992,1.6379,1.0554,1.4391,1.4117,1.0965,1.0554,1.0348,1.5419,1.0759,0.98684,0.80181,0.59622,0.40433,0.45916,0.31524,0.36321
0.19189,0.40433,0.54139,0.49342,0.76754,1.4666,1.3158,1.6653,1.4117,1.2747,1.1924,1.2815,1.6584,0.97999,0.91831,0.78125,0.87034,0.39063,0.34265,0.23986,0.37692
0.43174,0.37692,0.37007,0.30839,0.85663,1.5556,1.2541,1.6105,1.6379,1.0143,1.0622,1.3295,1.7955,1.1924,1.0896,0.91146,0.61678,0.53454,0.31524,0.24671,0.42489
0.233,0.34951,0.30839,0.38377,0.83607,1.3226,1.0759,1.8709,1.7064,1.1856,1.1856,1.2473,1.7955,1.1239,0.93887,0.76754,0.5688,0.4523,0.37007,0.34951,0.35636
0.26042,0.24671,0.32895,0.56195,0.74698,1.2267,1.0074,1.5419,1.6653,1.4323,1.1308,1.3432,1.6653,0.95943,0.95258,0.46601,0.60992,0.51398,0.38377,0.31524,0.41804
0.27412,0.19874,0.30839,0.35636,0.88405,1.6379,1.0896,1.3021,1.5419,1.261,1.5351,1.3432,1.6105,1.0143,0.9937,0.75384,0.58251,0.44545,0.47286,0.30839,0.36321
0.25356,0.26727,0.3358,0.34951,1.0485,1.5214,0.89775,1.5831,1.4391,1.2267,1.2267,1.446,1.8914,0.87034,0.8909,0.87719,0.58251,0.32209,0.39748,0.22615,0.19189
0.36321,0.42489,0.22615,0.32895,0.86349,1.3021,1.4186,1.1239,1.446,1.0896,1.3432,1.3295,1.5625,1.0622,0.84978,0.90461,0.67845,0.48657,0.39748,0.30154,0.16447
0.25356,0.31524,0.29468,0.38377,0.60992,1.5351,1.1993,1.4323,1.8161,1.1856,1.2198,1.3295,1.8024,0.80866,0.7881,0.41118,0.65104,0.28098,0.38377,0.28783,0.23986
0.28783,0.37692,0.233,0.60307,0.71272,1.3501,1.4871,1.4529,1.6653,1.494,1.3295,1.1308,1.2678,0.78125,0.72643,0.74013,0.65104,0.58251,0.35636,0.19189,0.25356
0.35636,0.3358,0.4386,0.41118,0.7744,1.1376,1.3501,1.2267,1.7544,1.0074,1.1239,1.3295,1.3363,0.90461,1.0348,0.60992,0.44545,0.37007,0.34265,0.21245,0.082237
0.34265,0.22615,0.233,0.43174,0.68531,1.1308,1.3775,1.7201,1.7133,1.3363,0.95258,1.0622,1.5077,0.87034,0.76754,0.61678,0.53454,0.32209,0.16447,0.37692,0.26727
0.233,0.17818,0.30839,0.50713,0.38377,1.5762,1.446,1.7064,1.3295,1.1856,0.96628,1.3706,1.2678,1.0074,0.79496,0.5688,0.68531,0.34265,0.27412,0.3358,0.36321
0.19189,0.25356,0.16447,0.50027,0.73328,1.5351,1.5968,1.6379,1.5831,0.97999,0.9937,1.2952,1.5008,0.9937,0.82237,0.65789,0.47971,0.34951,0.3358,0.30154,0.29468
0.30154,0.30839,0.43174,0.38377,0.74698,1.3775,1.2061,1.3501,1.6173,1.3638,1.0485,1.261,1.5625,1.0005,1.1513,0.46601,0.37692,0.39748,0.31524,0.24671,0.28098
0.2193,0.23986,0.3358,0.35636,0.81552,1.5351,1.4734,1.3501,1.9737,1.1582,1.0211,1.3843,1.4803,0.87034,1.0828,0.39748,0.65104,0.29468,0.20559,0.25356,0.233
0.30839,0.43174,0.3358,0.32895,0.57566,1.0759,1.8161,1.4254,1.5351,1.1993,1.0691,1.4666,1.3158,1.1102,0.75384,0.50027,0.47971,0.24671,0.15762,0.14391,0.15762
0.30839,0.48657,0.4523,0.37692,0.54139,0.8909,1.8846,1.3021,1.7955,0.96628,1.1719,1.3089,1.3638,1.0759,1.0074,0.40433,0.41804,0.17818,0.18503,0.25356,0.21245
0.32895,0.37692,0.3358,0.31524,0.50713,1.1102,1.6996,1.3775,1.2267,0.9937,1.2541,1.1993,1.398,1.0759,0.83607,0.65104,0.34951,0.30839,0.26727,0.12336,0.28783
0.27412,0.23986,0.36321,0.53454,0.4386,1.2404,1.494,1.2884,1.6379,1.0691,1.3089,1.2884,1.213,1.0485,0.97999,0.59622,0.4523,0.28098,0.26042,0.23986,0.16447
0.28098,0.26727,0.4386,0.42489,0.3358,1.1719,1.7064,1.5077,1.6927,1.213,1.1787,1.5419,1.1719,1.0211,0.89775,0.32895,0.19189,0.28098,0.2193,0.19874,0.32895
0.21245,0.41118,0.35636,0.42489,0.52769,1.2198,1.7338,1.3501,1.9531,1.165,1.0691,1.4186,1.2404,1.0965,0.80181,0.47971,0.3358,0.38377,0.32895,0.30154,0.28783
0.22615,0.17818,0.34265,0.34265,0.5551,1.0691,2.2272,1.5419,1.7133,1.3021,1.0896,1.4049,1.0828,0.92516,0.92516,0.50027,0.39748,0.37692,0.15762,0.13706,0.23986
0.16447,0.21245,0.41118,0.30839,0.5688,0.85663,1.8572,1.6859,1.5419,1.2404,1.2336,1.4391,1.5145,1.1239,0.74013,0.49342,0.42489,0.19189,0.25356,0.068531,0.31524
0.32895,0.27412,0.26727,0.47971,0.61678,0.85663,1.912,1.494,1.631,1.1924,1.1582,1.4803,1.5077,1.2336,0.81552,0.53454,0.38377,0.29468,0.13706,0.23986,0.26042
0.233,0.30154,0.233,0.52769,0.61678,0.89775,1.7818,1.7133,1.494,1.398,1.0896,1.1033,1.6105,1.0485,0.67845,0.48657,0.30839,0.26727,0.31524,0.23986,0.27412
0.22615,0.39748,0.15077,0.39063,0.69901,0.96628,1.7612,1.5831,1.6173,1.165,0.93887,1.213,1.7612,1.0348,1.1033,0.28783,0.27412,0.19189,0.26042,0.08909,0.095943
0.32895,0.26727,0.233,0.45916,0.54825,0.65104,1.7201,1.6653,1.6721,1.3501,0.80866,1.4734,1.3158,1.2952,0.90461,0.30839,0.46601,0.16447,0.29468,0.16447,0.2193
0.21245,0.26042,0.3358,0.3358,0.36321,0.95943,1.912,1.8435,1.5145,1.1239,1.1924,1.3021,1.3843,1.1993,0.76069,0.42489,0.32895,0.17133,0.22615,0.16447,0.14391
0.28098,0.26042,0.32209,0.34265,0.41118,0.76069,1.8092,1.6379,1.4871,1.213,1.3501,1.4186,1.2678,0.98684,0.83607,0.34951,0.30154,0.30154,0.10965,0.13021,0.30154
0.19874,0.23986,0.27412,0.5688,0.28783,1.028,2.0422,1.6653,1.4734,1.1171,1.2336,1.5214,1.5282,1.2815,0.9937,0.39748,0.34265,0.34265,0.14391,0.26042,0.15762
0.26727,0.35636,0.41804,0.46601,0.51398,0.7881,1.8229,2.0011,1.5419,1.1582,1.3295,1.2678,1.261,1.0965,0.79496,0.30839,0.27412,0.15762,0.26727,0.30154,0.20559
0.30839,0.2193,0.26727,0.54139,0.60307,0.87034,1.6242,1.7612,1.4254,1.4254,0.97999,1.3226,1.5282,1.4803,0.60992,0.26042,0.28783,0.19874,0.16447,0.2193,0.15762
0.21245,0.23986,0.3358,0.32895,0.42489,0.85663,2.1587,1.4391,1.5282,1.4117,0.9937,1.5694,1.2678,1.6859,0.80181,0.4386,0.3358,0.26042,0.1028,0.18503,0.15762
0.32895,0.28783,0.32209,0.31524,0.41804,0.84293,2.1861,1.7133,1.7818,1.494,1.0211,1.3912,1.727,1.7681,0.87719,0.36321,0.30839,0.2193,0.27412,0.075384,0.21245
0.16447,0.3358,0.18503,0.40433,0.54139,1.1513,2.0559,1.631,1.5419,1.446,1.1102,1.8777,1.6653,1.4529,0.56195,0.54825,0.35636,0.30154,0.22615,0.16447,0.19874
0.26042,0.20559,0.34265,0.41118,0.49342,1.0348,1.6653,1.8914,1.864,1.2473,1.5008,1.7475,1.4597,1.0691,0.81552,0.28783,0.30154,0.17133,0.26727,0.233,0.13706
0.39748,0.25356,0.30839,0.43174,0.233,0.7881,2.0217,1.7749,1.5556,1.1856,1.2404,1.4666,1.3501,1.4391,0.72643,0.41118,0.19874,0.16447,0.20559,0.28098,0.24671
0.2193,0.24671,0.34265,0.34265,0.54825,0.57566,2.0559,1.7544,1.494,1.1239,1.2952,1.3363,1.261,1.3775,0.54139,0.4523,0.233,0.1165,0.17133,0.2193,0.17133
0.233,0.21245,0.28098,0.3358,0.41118,0.63734,2.0628,2.3232,1.4254,1.2198,1.4186,1.7955,1.3843,1.5282,0.72643,0.40433,0.31524,0.18503,0.26042,0.19874,0.32209
0.30154,0.30839,0.35636,0.37692,0.35636,0.73328,1.96,2.3575,1.8229,0.98684,1.3569,1.9189,1.7407,1.2815,0.49342,0.40433,0.30154,0.24671,0.19189,0.2193,0.16447
0.27412,0.30839,0.19189,0.44545,0.43174,0.7881,1.8846,2.3575,1.631,1.5214,1.6584,1.6653,1.8572,1.4186,0.74698,0.28783,0.39748,0.34265,0.233,0.15762,0.13021
0.28098,0.3358,0.48657,0.36321,0.57566,0.51398,1.5899,2.2341,2.0148,1.3158,1.5077,1.5762,1.5556,1.7064,0.58936,0.31524,0.34265,0.19874,0.25356,0.16447,0.068531
0.18503,0.31524,0.40433,0.45916,0.58251,0.60992,1.727,2.1245,1.6447,1.2815,1.3706,1.4117,1.8709,1.5694,0.59622,0.17133,0.34265,0.233,0.30154,0.26727,0.10965
0.21245,0.26727,0.26727,0.39063,0.48657,0.6716,1.3912,2.3232,1.9326,1.3706,1.5282,1.4597,1.8092,1.3638,0.6716,0.41804,0.19189,0.233,0.19189,0.28098,0.15762
0.19874,0.26727,0.28098,0.40433,0.28783,0.65104,1.6721,2.6521,1.8298,1.5282,1.4391,1.6242,1.7338,1.446,0.52083,0.42489,0.28098,0.26727,0.15077,0.26042,0.19189
0.31524,0.35636,0.28783,0.3358,0.52083,0.65789,2.097,2.6316,2.0354,1.7064,1.2884,1.7201,1.8435,1.6036,0.54825,0.37007,0.3358,0.15762,0.13021,0.21245,0.26727
0.13706,0.3358,0.40433,0.24671,0.39063,0.90461,1.8983,2.7549,1.5282,1.5968,1.1787,1.6105,1.679,1.7887,0.50713,0.61678,0.22615,0.233,0.3358,0.13706,0.22615
0.26042,0.32895,0.26727,0.32895,0.39063,0.73328,1.5282,3.0085,1.8435,1.5762,1.3089,1.7338,1.6242,1.261,0.69901,0.31524,0.3358,0.31524,0.28783,0.19189,0.13021
0.18503,0.35636,0.32209,0.4386,0.44545,0.81552,1.5556,2.5905,2.0148,1.9257,1.5214,1.6996,2.1107,1.3501,0.60992,0.25356,0.32895,0.27412,0.17133,0.19189,0.17133
0.15077,0.28783,0.38377,0.27412,0.57566,0.45916,1.5831,2.8235,2.3849,2.0765,1.6927,1.6584,2.7755,1.3912,0.50713,0.41118,0.28098,0.233,0.21245,0.20559,0.19874
0.17133,0.34265,0.34951,0.26727,0.49342,0.41118,1.3501,2.7138,2.1587,1.6584,1.3501,1.5831,2.1107,1.165,0.50713,0.39063,0.3358,0.23986,0.17818,0.23986,0.18503
0.24671,0.34265,0.32209,0.32895,0.46601,0.64419,1.3501,2.8235,2.0354,2.0285,1.5419,1.6721,2.1107,1.6721,0.54825,0.26042,0.18503,0.32895,0.19874,0.32209,0.10965
0.19189,0.29468,0.38377,0.31524,0.30154,0.69901,1.4186,2.7412,2.4123,2.4877,1.6927,1.8161,2.1793,1.2336,0.6716,0.37692,0.30839,0.20559,0.19189,0.17818,0.19189
0.27412,0.23986,0.34265,0.28098,0.40433,0.62363,1.3432,3.543,2.2752,1.6927,1.6242,1.9052,2.4945,0.95258,0.50027,0.27412,0.2193,0.19189,0.23986,0.19189,0.233
0.12336,0.19874,0.32209,0.42489,0.37007,0.51398,1.398,3.5225,2.7412,1.9668,2.1998,2.3232,2.9879,1.1513,0.4523,0.34951,0.41118,0.18503,0.15077,0.25356,0.10965
0.20559,0.29468,0.29468,0.42489,0.35636,0.47286,1.2336,3.0222,2.2478,2.0285,2.241,1.7133,2.7412,1.3432,0.44545,0.39063,0.30839,0.28783,0.15077,0.16447,0.18503
0.15077,0.39063,0.31524,0.60307,0.36321,0.5688,1.1582,3.3306,2.2341,1.6242,1.8298,1.912,2.6179,1.3021,0.47971,0.2193,0.19189,0.26042,0.28783,0.14391,0.18503
0.39063,0.24671,0.40433,0.42489,0.52083,0.71957,0.93887,3.872,2.3849,1.912,1.8024,1.8914,2.9742,1.3912,0.50027,0.24671,0.27412,0.27412,0.10965,0.15077,0.17133
0.21245,0.38377,0.26042,0.27412,0.4386,0.54825,0.91146,3.7829,2.7207,1.9189,1.679,1.7133,2.4877,1.1924,0.51398,0.15762,0.19874,0.20559,0.14391,0.16447,0.29468
0.18503,0.41804,0.32895,0.4386,0.3358,0.34265,0.97999,3.2895,2.1861,1.8572,1.7887,1.7681,2.5151,1.4597,0.4523,0.21245,0.19874,0.21245,0.37007,0.17133,0.19189
0.24671,0.38377,0.2193,0.49342,0.58936,0.71272,1.0143,3.5842,2.1382,1.7407,1.7818,2.1039,2.4328,1.261,0.39063,0.3358,0.27412,0.2193,0.21245,0.12336,0.34951
0.32209,0.40433,0.29468,0.41804,0.52083,0.69216,1.0965,3.543,2.8646,2.0011,1.7064,2.1861,2.563,0.97314,0.34265,0.4386,0.28783,0.12336,0.20559,0.13021,0.15762
0.46601,0.28783,0.36321,0.51398,0.45916,0.47971,0.93202,3.5567,2.7961,2.1107,1.8229,2.426,2.8098,1.0417,0.49342,0.19189,0.28098,0.19189,0.19874,0.20559,0.17818
0.30154,0.28783,0.39063,0.3358,0.41118,0.47286,0.74698,3.7418,3.2004,1.9463,1.96,2.0422,3.0633,1.0965,0.60307,0.39748,0.20559,0.27412,0.31524,0.13706,0.20559
0.21245,0.25356,0.31524,0.60307,0.54139,0.5688,0.89775,3.4402,3.6938,1.864,2.1107,2.2547,3.0291,0.93202,0.39063,0.27412,0.26042,0.32209,0.2193,0.15762,0.19189
0.25356,0.37007,0.34265,0.26727,0.52769,0.53454,0.81552,2.7412,2.5768,1.6721,2.0765,2.2889,3.3854,1.1239,0.50713,0.29468,0.22615,0.17133,0.2193,0.16447,0.17818
0.23986,0.37007,0.41118,0.41804,0.37007,0.56195,0.96628,3.0565,3.2141,1.9052,2.2958,2.5493,2.7001,1.1787,0.50713,0.233,0.39063,0.12336,0.26042,0.14391,0.1165
0.233,0.29468,0.30839,0.50027,0.54825,0.52769,0.87719,3.0976,3.5773,1.9668,1.7749,2.3643,2.8509,0.96628,0.44545,0.19874,0.31524,0.20559,0.2193,0.27412,0.18503
0.24671,0.37007,0.3358,0.43174,0.34265,0.61678,0.61678,4.2969,3.6732,1.9874,1.96,1.9942,2.9194,0.95943,0.40433,0.32209,0.49342,0.17818,0.34265,0.26042,0.24671
0.32895,0.22615,0.34951,0.37007,0.48657,0.76069,0.82237,3.1319,3.4197,1.8092,2.0422,2.2272,3.4471,0.79496,0.31524,0.32209,0.27412,0.22615,0.15077,0.17818,0.13021
0.39748,0.32209,0.23986,0.26727,0.5551,0.56195,0.81552,2.9811,3.4814,2.426,2.1724,2.4671,3.3032,0.71957,0.18503,0.25356,0.15762,0.40433,0.17133,0.19189,0.22615
0.31524,0.40433,0.29468,0.47971,0.52083,0.62363,1.0005,2.611,3.6664,2.1107,1.9531,2.3986,3.0359,1.1993,0.34265,0.19874,0.24671,0.34951,0.23986,0.13021,0.12336
0.39748,0.30839,0.30839,0.61678,0.38377,0.5688,0.88405,2.94,3.8309,2.1724,2.1519,2.2821,2.892,0.8909,0.38377,0.37692,0.26727,0.20559,0.28098,0.19874,0.25356
0.30154,0.24671,0.48657,0.38377,0.54139,0.60992,0.84978,2.4328,3.9542,2.4191,2.3026,2.6521,3.1524,0.95258,0.31524,0.43174,0.26042,0.30154,0.3358,0.24671,0.24671
0.26042,0.40433,0.46601,0.38377,0.35636,0.37007,0.91831,2.7344,4.3928,2.5082,2.0696,2.9879,3.2209,0.96628,0.39063,0.41804,0.32209,0.30839,0.22615,0.23986,0.19874
0.24671,0.31524,0.26727,0.32895,0.46601,0.50713,0.7744,2.8166,4.1255,2.6042,2.4534,3.2895,3.1661,0.84978,0.34951,0.22615,0.233,0.2193,0.16447,0.23986,0.15762
0.21245,0.20559,0.34265,0.41804,0.47971,0.52083,0.63734,2.1861,5.1124,2.5768,2.474,3.5704,2.7686,0.90461,0.37007,0.32209,0.233,0.30839,0.12336,0.35636,0.17818
0.23986,0.1165,0.30154,0.3358,0.44545,0.62363,0.80866,2.3095,4.2626,2.3095,2.4877,3.0976,2.3917,0.76069,0.4386,0.34951,0.1028,0.20559,0.233,0.15762,0.13021
0.39063,0.28783,0.30839,0.32209,0.46601,0.57566,0.60307,2.1382,4.6327,1.9052,2.8166,3.5019,2.2547,0.69901,0.47971,0.3358,0.22615,0.2193,0.13021,0.075384,0.21245
0.39063,0.28783,0.34951,0.41118,0.34265,0.60992,0.71272,2.0011,4.1735,2.3438,2.4877,3.5842,2.7001,0.78125,0.49342,0.22615,0.30154,0.2193,0.12336,0.082237,0.13706
0.17133,0.19189,0.37007,0.39063,0.34265,0.60307,0.68531,2.2821,4.9137,2.5768,2.6042,3.824,2.3917,0.76754,0.39063,0.22615,0.34951,0.39063,0.095943,0.20559,0.25356
0.25356,0.32209,0.44545,0.24671,0.63048,0.41804,0.65789,1.9531,4.8451,2.8098,2.6658,3.7829,2.3986,0.58251,0.30839,0.20559,0.3358,0.34951,0.10965,0.15762,0.17133
0.26042,0.31524,0.27412,0.31524,0.62363,0.59622,0.66475,1.7407,4.5093,2.7549,2.5288,3.6664,1.6859,0.72643,0.54825,0.13706,0.23986,0.26727,0.13706,0.17818,0.18503
0.21245,0.26727,0.43174,0.40433,0.5688,0.68531,0.7744,1.6173,4.5436,2.6521,2.7686,3.8514,1.912,0.59622,0.52769,0.26042,0.21245,0.30154,0.32895,0.22615,0.19874
0.30839,0.31524,0.39063,0.40433,0.50713,1.0691,0.87719,1.8777,4.7149,2.5493,2.4603,3.7623,2.0079,0.50027,0.30154,0.29468,0.30839,0.15762,0.1165,0.19189,0.17133
0.26042,0.34951,0.28783,0.35636,0.5551,0.53454,0.68531,1.6036,4.7834,2.9331,2.2272,3.6527,1.6653,0.50713,0.26042,0.2193,0.233,0.15077,0.18503,0.047971,0.1165
0.233,0.30154,0.39748,0.31524,0.49342,0.5551,0.7881,1.7338,4.8177,2.9468,2.3712,4.0365,1.7407,0.62363,0.32895,0.14391,0.20559,0.25356,0.26727,0.17133,0.17818
0.20559,0.27412,0.39063,0.4386,0.54825,0.60307,0.65789,1.6242,4.5436,3.2072,2.9605,4.1393,1.4803,0.56195,0.39063,0.30839,0.38377,0.22615,0.22615,0.20559,0.20559
0.25356,0.18503,0.48657,0.30154,0.52769,0.58251,0.61678,1.2747,4.2558,3.1867,3.2004,4.7355,1.5831,0.66475,0.40433,0.17818,0.31524,0.22615,0.18503,0.16447,0.17133
0.32895,0.28098,0.30839,0.39063,0.41118,0.42489,0.80181,1.727,4.9068,3.0154,2.7344,4.9068,1.5282,0.45916,0.52769,0.2193,0.39063,0.23986,0.26727,0.16447,0.23986
0.26727,0.34265,0.21245,0.50713,0.63048,0.61678,0.68531,1.7338,4.9753,3.125,3.2141,4.4613,1.5968,0.46601,0.47286,0.31524,0.2193,0.24671,0.233,0.17133,0.21245
0.3358,0.32895,0.32895,0.32895,0.58251,0.53454,0.78125,1.398,4.1324,3.4197,3.5225,4.338,1.4666,0.65789,0.47286,0.3358,0.21245,0.19189,0.15762,0.17818,0.082237
0.32209,0.28098,0.39063,0.49342,0.54825,0.60992,0.92516,1.2884,4.5162,3.5499,3.406,4.8451,1.6173,0.4386,0.45916,0.32209,0.18503,0.32209,0.14391,0.1028,0.061678
0.36321,0.3358,0.36321,0.31524,0.54139,0.65104,0.60992,0.97999,3.9953,3.8651,3.7349,4.7697,1.4049,0.60992,0.32895,0.28098,0.24671,0.24671,0.18503,0.17133,0.12336
0.34265,0.23986,0.38377,0.32895,0.52769,0.46601,0.76069,1.1033,4.5779,3.4265,3.8994,4.4134,1.398,0.50027,0.37007,0.21245,0.2193,0.15762,0.095943,0.27412,0.13706
0.28098,0.44545,0.30839,0.32895,0.34265,0.49342,0.7881,1.0348,4.3311,4.1667,3.5773,4.5641,1.2952,0.63734,0.34951,0.29468,0.25356,0.3358,0.20559,0.15762,0.17818
0.35636,0.30154,0.37692,0.47971,0.3358,0.54825,0.58936,1.2473,3.9679,4.804,3.9474,4.7492,1.3501,0.58936,0.233,0.31524,0.30839,0.233,0.17818,0.2193,0.27412
0.3358,0.25356,0.37007,0.48657,0.45916,0.50713,0.54139,1.0348,3.5362,4.2489,3.7144,4.9548,1.2747,0.65789,0.30154,0.34951,0.23986,0.29468,0.16447,0.16447,0.18503
0.23986,0.34951,0.39748,0.52769,0.46601,0.64419,0.54825,0.74698,3.358,5.4345,3.9679,4.7492,1.3501,0.56195,0.37692,0.28098,0.47971,0.26727,0.18503,0.18503,0.20559
0.24671,0.45916,0.31524,0.4523,0.41804,0.43174,0.56195,1.0896,3.6801,4.5299,3.824,4.7081,1.2061,0.67845,0.47971,0.31524,0.30154,0.233,0.2193,0.12336,0.19189
0.28098,0.26042,0.41118,0.44545,0.4523,0.5551,0.73328,1.0005,3.6938,4.571,4.2009,4.1393,1.1033,0.40433,0.38377,0.28098,0.20559,0.21245,0.13706,0.17133,0.20559
0.30839,0.32895,0.3358,0.41118,0.49342,0.53454,0.79496,1.1239,3.6321,5.4276,4.6258,4.009,0.98684,0.51398,0.41804,0.24671,0.19189,0.233,0.20559,0.18503,0.17818
0.23986,0.34951,0.30154,0.52083,0.48657,0.43174,0.58936,1.1787,3.406,5.0027,4.1255,4.4065,0.91831,0.60307,0.30154,0.3358,0.26727,0.15077,0.16447,0.047971,0.10965
0.17133,0.21245,0.25356,0.58936,0.60992,0.37692,0.52083,1.3775,3.3443,4.6532,4.5162,4.4613,0.97999,0.59622,0.34951,0.30839,0.19189,0.20559,0.19874,0.12336,0.2193
0.14391,0.26042,0.37007,0.39063,0.5688,0.63048,0.47286,1.3089,3.0976,4.8109,5.0713,3.9542,0.74013,0.35636,0.43174,0.28098,0.1165,0.27412,0.19874,0.13706,0.095943
0.23986,0.49342,0.26042,0.30839,0.68531,0.53454,0.65789,0.90461,2.7755,5.27,4.9479,3.5704,0.96628,0.68531,0.26727,0.24671,0.26042,0.20559,0.17133,0.15077,0.30154
0.43174,0.27412,0.29468,0.4386,0.51398,0.60992,0.69901,1.0896,2.7892,4.8246,5.222,3.5293,0.7744,0.52769,0.40433,0.14391,0.39063,0.15077,0.28098,0.082237,0.28783
0.19189,0.15077,0.4386,0.53454,0.54139,0.57566,0.82237,1.0965,2.6727,5.5784,4.4065,3.9953,0.8909,0.41118,0.4386,0.24671,0.24671,0.26042,0.26727,0.1165,0.22615
0.24671,0.37692,0.42489,0.5688,0.41804,0.46601,0.84293,0.68531,2.5356,5.4345,4.7423,3.9611,0.79496,0.54825,0.31524,0.30154,0.19874,0.20559,0.12336,0.15762,0.095943
0.16447,0.38377,0.30154,0.59622,0.63734,0.65789,0.71272,0.91831,1.9394,5.2906,5.1329,3.4471,0.71957,0.41118,0.3358,0.28783,0.35636,0.23986,0.19874,0.16447,0.15762
0.30839,0.34951,0.26727,0.52083,0.50027,0.59622,0.54825,0.80866,1.7818,4.7149,6.0855,3.1524,0.68531,0.45916,0.46601,0.30839,0.233,0.15762,0.22615,0.13021,0.17133
0.3358,0.24671,0.37007,0.51398,0.54139,0.66475,0.54139,0.86349,1.864,4.9137,4.619,2.9468,0.60307,0.49342,0.30839,0.22615,0.26727,0.50027,0.21245,0.17133,0.13021
0.35636,0.45916,0.50713,0.44545,0.78125,0.51398,0.7881,0.66475,2.2547,5.2289,5.318,3.2895,0.57566,0.39748,0.3358,0.30154,0.27412,0.22615,0.28098,0.17818,0.18503
0.26042,0.39063,0.32209,0.43174,0.65104,0.51398,0.80181,0.76069,2.0148,4.9205,5.503,3.1661,0.58936,0.39748,0.30839,0.27412,0.233,0.34951,0.233,0.1165,0.1028
0.3358,0.37692,0.4386,0.63734,0.57566,0.54825,0.7744,0.90461,2.0902,4.9274,5.3317,3.0428,0.56195,0.59622,0.53454,0.41804,0.2193,0.24671,0.21245,0.13021,0.16447
0.19189,0.31524,0.35636,0.4523,0.47971,0.73328,0.52083,0.74013,1.9052,5.0233,5.6743,2.2341,0.71272,0.38377,0.39063,0.21245,0.27412,0.1028,0.16447,0.17818,0.12336
0.37692,0.27412,0.37007,0.44545,0.50713,0.80181,0.67845,0.62363,1.864,5.1261,5.1467,2.2341,0.83607,0.54139,0.34951,0.23986,0.18503,0.17818,0.15762,0.17133,0.095943
0.38377,0.28098,0.27412,0.47971,0.60992,0.5551,0.69216,0.82237,1.5488,5.2289,4.8451,2.563,0.81552,0.50027,0.49342,0.32895,0.25356,0.23986,0.17133,0.22615,0.041118
0.40433,0.29468,0.3358,0.5688,0.41804,0.61678,0.74698,0.81552,1.4323,4.9205,5.0576,2.5356,0.74013,0.36321,0.49342,0.20559,0.16447,0.19874,0.2193,0.1165,0.15077
0.39063,0.26727,0.38377,0.54825,0.52769,0.6716,0.74698,0.65789,1.3021,4.7218,4.9205,2.0285,0.6716,0.45916,0.47971,0.22615,0.2193,0.22615,0.1165,0.14391,0.19874
0.41804,0.29468,0.233,0.4523,0.41804,0.63048,0.58251,0.76069,0.92516,4.5504,5.0713,2.0354,0.63734,0.32895,0.4523,0.28098,0.31524,0.22615,0.054825,0.082237,0.28783
0.26042,0.27412,0.41118,0.38377,0.50027,0.53454,0.47286,0.83607,1.2541,4.153,5.4825,2.0285,0.79496,0.58251,0.40433,0.28098,0.29468,0.17133,0.12336,0.26727,0.17818
0.4523,0.43174,0.32895,0.45916,0.58936,0.58936,0.44545,0.64419,1.7201,4.5367,5.736,1.9394,0.73328,0.32895,0.32895,0.40433,0.19189,0.1165,0.34265,0.25356,0.13706
0.36321,0.24671,0.36321,0.5551,0.53454,0.67845,0.38377,0.6716,1.5762,4.6738,5.1809,1.864,0.64419,0.39748,0.3358,0.46601,0.23986,0.30154,0.2193,0.1028,0.047971
0.29468,0.37007,0.23986,0.56195,0.46601,0.62363,0.84293,0.65789,1.1102,4.6464,4.7903,1.9326,0.80866,0.57566,0.24671,0.39748,0.24671,0.17818,0.20559,0.2193,0.21245
0.18503,0.32209,0.46601,0.50713,0.70587,0.48657,0.60307,0.76754,1.0622,4.0707,4.6464,1.6447,0.61678,0.52083,0.24671,0.28098,0.233,0.25356,0.19874,0.17818,0.1028
0.20559,0.18503,0.41804,0.41118,0.5688,0.54139,0.57566,0.54825,1.0691,4.2489,5.4482,1.727,0.69216,0.39063,0.32209,0.19189,0.40433,0.20559,0.2193,0.082237,0.17818
0.21245,0.20559,0.39063,0.4523,0.61678,0.73328,0.37007,0.65789,0.85663,4.3448,4.8725,1.5831,0.51398,0.44545,0.5551,0.1028,0.31524,0.12336,0.13021,0.1165,0.13021
0.22615,0.17133,0.37007,0.34265,0.52769,0.61678,0.46601,0.6716,1.1513,4.4545,4.619,1.213,0.5688,0.50027,0.3358,0.20559,0.18503,0.22615,0.17818,0.19874,0.17818
0.13706,0.28098,0.38377,0.37692,0.61678,0.51398,0.57566,0.71957,1.261,3.7486,5.1398,1.3363,0.75384,0.37692,0.26042,0.30154,0.17133,0.32895,0.12336,0.2193,0.28783
0.17818,0.28783,0.38377,0.30839,0.57566,0.54825,0.6716,0.5551,0.78125,4.3243,4.7286,1.2404,0.58251,0.49342,0.39063,0.28783,0.26042,0.17818,0.17133,0.14391,0.14391
0.29468,0.30839,0.4386,0.42489,0.40433,0.52083,0.71272,0.66475,1.2336,3.8925,4.009,1.6859,0.50713,0.40433,0.52083,0.24671,0.16447,0.19874,0.14391,0.061678,0.08909
0.3358,0.25356,0.29468,0.47286,0.5688,0.64419,0.53454,0.64419,1.0211,3.5225,4.0913,1.2336,0.68531,0.40433,0.41804,0.23986,0.15077,0.17133,0.061678,0.15762,0.19874
0.233,0.23986,0.38377,0.42489,0.39063,0.39748,0.56195,0.67845,0.84978,3.6321,4.5299,1.2747,0.61678,0.4386,0.39748,0.17133,0.25356,0.26042,0.18503,0.23986,0.12336
0.13706,0.4386,0.26042,0.37692,0.28098,0.92516,0.87034,0.80181,0.71272,3.6801,4.7218,1.1033,0.60992,0.46601,0.42489,0.18503,0.17818,0.17133,0.19189,0.18503,0.20559
0.26727,0.35636,0.30154,0.2193,0.71272,0.65789,0.74013,1.0211,1.0622,3.3854,4.5093,0.82237,0.69901,0.50027,0.3358,0.24671,0.31524,0.16447,0.13706,0.19189,0.068531
0.15762,0.50027,0.37692,0.35636,0.41804,0.5688,0.79496,1.0485,1.1924,3.7555,4.6669,0.94572,0.62363,0.50713,0.30839,0.2193,0.35636,0.18503,0.1028,0.16447,0.1165
0.28783,0.38377,0.30154,0.41804,0.50713,0.71957,0.70587,0.74698,0.91831,3.8651,4.1118,1.1513,0.80181,0.47971,0.28098,0.19189,0.20559,0.24671,0.16447,0.20559,0.19189
0.37692,0.42489,0.34265,0.50027,0.38377,0.71957,0.69901,0.66475,0.98684,3.0702,4.0433,1.0965,0.49342,0.37007,0.45916,0.26727,0.28783,0.19189,0.15077,0.041118,0.13021
0.37692,0.49342,0.34951,0.51398,0.5688,0.70587,1.0348,0.64419,1.1376,3.7966,4.3997,1.2473,0.63048,0.52083,0.30154,0.36321,0.1028,0.27412,0.17133,0.15762,0.1165
0.34265,0.31524,0.35636,0.45916,0.48657,0.52083,0.51398,0.58251,1.0965,3.7007,4.0296,1.0143,0.5688,0.52083,0.42489,0.35636,0.18503,0.19874,0.21245,0.23986,0.18503
0.32895,0.25356,0.2193,0.35636,0.50713,0.50713,0.6716,0.63048,0.97999,3.0359,3.9131,1.1719,0.70587,0.49342,0.28783,0.20559,0.24671,0.32209,0.10965,0.095943,0.17818
0.19874,0.25356,0.35636,0.54825,0.57566,0.60307,0.66475,0.73328,1.0485,3.1181,5.1672,1.2404,0.80181,0.48657,0.24671,0.26042,0.17818,0.19189,0.13706,0.18503,0.19189
0.30839,0.3358,0.32895,0.50027,0.54825,0.62363,0.54139,0.75384,1.2884,3.0016,4.523,1.3363,0.63734,0.35636,0.37692,0.23986,0.24671,0.17133,0.12336,0.25356,0.08909
0.24671,0.17133,0.38377,0.28783,0.41804,0.6716,0.63734,0.56195,1.165,3.2895,4.2969,0.89775,0.5551,0.41804,0.37007,0.51398,0.18503,0.20559,0.08909,0.14391,0.12336
0.29468,0.40433,0.47286,0.47971,0.35636,0.65104,0.6716,0.52769,1.1102,3.2072,4.6738,1.3295,0.60992,0.54139,0.31524,0.23986,0.23986,0.15762,0.23986,0.21245,0.13706
0.25356,0.29468,0.29468,0.49342,0.50027,0.5551,0.47971,0.64419,1.1993,3.4128,4.6327,1.3638,0.58251,0.58936,0.35636,0.36321,0.32895,0.16447,0.095943,0.26042,0.095943
0.28783,0.29468,0.27412,0.5688,0.34951,0.62363,0.59622,0.66475,1.213,3.2415,4.4476,1.2884,0.50027,0.54139,0.30154,0.42489,0.19874,0.17818,0.18503,0.2193,0.15762
0.2193,0.37692,0.48657,0.57566,0.54139,0.4523,0.71272,0.97314,1.0691,2.9811,4.8794,0.9937,0.5688,0.6716,0.41118,0.34265,0.095943,0.29468,0.21245,0.17133,0.10965
0.31524,0.39748,0.48657,0.27412,0.68531,0.60307,0.54825,0.91831,0.96628,3.0359,4.6875,1.165,0.60992,0.47971,0.36321,0.30154,0.18503,0.25356,0.1028,0.13706,0.15077
0.30154,0.27412,0.40433,0.37007,0.4386,0.4523,0.90461,0.80181,1.0211,2.9879,4.6327,1.3089,0.63048,0.52083,0.36321,0.32209,0.23986,0.233,0.15762,0.21245,0.13706
0.23986,0.21245,0.43174,0.39748,0.3358,0.48657,0.71272,0.75384,1.1102,3.7281,4.8383,1.4323,0.63734,0.49342,0.39063,0.31524,0.31524,0.22615,0.13706,0.14391,0.13706
0.20559,0.17818,0.53454,0.32209,0.51398,0.52769,0.74013,0.8909,1.4254,3.7075,5.7634,1.3775,0.67845,0.36321,0.37692,0.38377,0.34265,0.17133,0.1165,0.1165,0.23986
0.39063,0.34951,0.25356,0.50713,0.48657,0.60307,0.69216,0.72643,1.3912,4.0159,5.9073,1.7201,0.76069,0.45916,0.29468,0.31524,0.16447,0.14391,0.17818,0.17818,0.17133
0.35636,0.27412,0.34951,0.58936,0.54139,0.75384,0.60307,0.71272,1.1308,3.872,5.1329,1.6173,0.63734,0.4386,0.4523,0.37007,0.14391,0.14391,0.17818,0.13021,0.17133
0.14391,0.27412,0.43174,0.62363,0.60992,0.5551,0.50027,0.91146,1.1513,3.8103,5.4276,1.2815,0.80181,0.32895,0.37692,0.40433,0.21245,0.13706,0.095943,0.18503,0.10965
0.2193,0.18503,0.46601,0.32895,0.3358,0.65789,0.60307,0.66475,1.2541,3.8925,5.6127,1.7681,0.6716,0.47971,0.31524,0.39748,0.19874,0.15077,0.095943,0.17818,0.17133
0.27412,0.21245,0.50027,0.47286,0.45916,0.56195,0.69901,0.8909,1.3501,3.9816,5.6195,1.6105,0.62363,0.39748,0.25356,0.30154,0.24671,0.19874,0.23986,0.21245,0.19874
0.39063,0.30839,0.29468,0.32895,0.4386,0.72643,0.76754,0.62363,1.727,4.804,6.6338,2.2958,0.63048,0.37007,0.32895,0.30154,0.24671,0.22615,0.20559,0.12336,0.061678
0.28783,0.23986,0.30154,0.38377,0.60307,0.47286,0.67845,0.67845,1.5282,5.1741,6.4899,2.3369,0.60307,0.47971,0.51398,0.27412,0.17133,0.19189,0.22615,0.13706,0.19874
0.34265,0.233,0.57566,0.5688,0.44545,0.67845,0.76754,0.72643,1.6173,5.1398,6.1678,2.0217,0.79496,0.50713,0.29468,0.30839,0.26727,0.27412,0.20559,0.24671,0.075384
0.40433,0.34951,0.40433,0.43174,0.42489,0.82922,0.67845,0.68531,1.8572,5.7634,7.7029,1.9737,0.91831,0.47286,0.35636,0.39063,0.24671,0.12336,0.2193,0.18503,0.082237
0.28783,0.36321,0.35636,0.37692,0.56195,0.45916,0.52083,0.85663,1.8298,6.668,7.5452,2.193,0.7744,0.60307,0.46601,0.50713,0.26042,0.21245,0.31524,0.16447,0.16447
0.16447,0.34951,0.3358,0.26727,0.47286,0.4523,0.64419,1.0965,2.2135,6.1609,8.5389,2.611,0.79496,0.47971,0.48657,0.19874,0.24671,0.1165,0.21245,0.19189,0.27412
0.25356,0.24671,0.46601,0.28783,0.57566,0.46601,0.5688,0.76754,2.3712,7.1889,7.7303,3.0565,0.90461,0.47286,0.30154,0.30839,0.31524,0.36321,0.15077,0.12336,0.14391
0.25356,0.37007,0.41118,0.53454,0.4523,0.51398,0.70587,0.9937,2.4054,7.9221,8.5458,3.0565,0.86349,0.41804,0.5688,0.44545,0.24671,0.21245,0.13021,0.19189,0.2193
0.29468,0.52083,0.40433,0.54139,0.51398,0.46601,0.84978,1.0965,2.6864,8.347,8.6075,2.9742,0.83607,0.58936,0.39063,0.37007,0.37007,0.12336,0.15077,0.20559,0.12336
0.21245,0.49342,0.37007,0.68531,0.52769,0.57566,0.71957,1.0896,2.5356,8.2579,9.3544,3.3649,0.91146,0.69216,0.29468,0.37007,0.31524,0.32895,0.17133,0.19189,0.19189
0.13021,0.34951,0.30154,0.40433,0.50713,0.64419,0.6716,1.6105,2.5562,7.5658,10.519,4.1393,0.95258,0.58251,0.39748,0.22615,0.24671,0.37692,0.21245,0.20559,0.10965
0.2193,0.28098,0.46601,0.37007,0.78125,0.58251,0.71957,0.89775,3.2346,8.0455,10.999,4.3448,0.7881,0.48657,0.59622,0.34265,0.13706,0.20559,0.10965,0.13021,0.082237
0.23986,0.30154,0.40433,0.4386,0.73328,0.7881,0.69216,1.1239,3.4745,8.5389,11.232,3.8583,1.1171,0.47286,0.38377,0.35636,0.14391,0.23986,0.17818,0.12336,0.1165
0.25356,0.41118,0.39063,0.74013,0.47971,0.81552,0.80181,1.2473,3.5293,10.225,10.931,4.4613,0.98684,0.5551,0.41118,0.44545,0.24671,0.25356,0.14391,0.12336,0.15077
0.27412,0.41118,0.51398,0.52083,0.49342,0.68531,1.0759,1.1171,3.9337,9.7314,11.157,4.3037,1.1376,0.50027,0.56195,0.34951,0.21245,0.31524,0.26727,0.095943,0.12336
0.25356,0.4523,0.4523,0.53454,0.90461,0.64419,0.92516,1.3843,3.9474,10.341,11.129,5.1467,1.2404,0.5688,0.53454,0.26042,0.30154,0.26727,0.22615,0.19189,0.15077
0.50713,0.40433,0.54825,0.5688,0.60992,0.64419,0.80866,1.5351,3.9816,9.7382,11.369,5.5441,1.1787,0.67845,0.30839,0.3358,0.34951,0.29468,0.19874,0.17818,0.15077
0.30839,0.31524,0.28098,0.6716,0.62363,0.74698,0.64419,1.3912,4.4888,12.109,12.061,5.9485,1.4871,0.63734,0.52083,0.28783,0.25356,0.13021,0.16447,0.054825,0.13706
0.37692,0.32895,0.37692,0.37692,0.42489,0.50027,1.028,1.6721,4.8314,11.006,11.561,6.8942,1.4666,0.44545,0.43174,0.44545,0.27412,0.1165,0.19189,0.1165,0.14391
0.19874,0.36321,0.58251,0.4523,0.62363,0.74013,0.83607,1.6173,4.8725,11.65,10.842,7.4493,1.5351,0.58251,0.36321,0.43174,0.43174,0.12336,0.233,0.17133,0.095943
0.28098,0.34951,0.59622,0.47286,0.52083,0.73328,1.0485,1.9189,5.037,10.547,11.054,8.3265,1.5419,0.7881,0.45916,0.3358,0.27412,0.16447,0.21245,0.29468,0.15762
0.32209,0.41804,0.54139,0.49342,0.52083,0.67845,0.87719,1.9805,5.7223,11.027,10.238,7.6549,1.5899,0.68531,0.48657,0.30839,0.26727,0.18503,0.35636,0.17818,0.1165
0.3358,0.37692,0.22615,0.65789,0.66475,0.87034,0.94572,1.7887,6.3459,11.212,10.876,7.5178,1.4734,0.71272,0.48657,0.34265,0.2193,0.34951,0.23986,0.15077,0.17818
0.40433,0.19874,0.39063,0.86349,0.53454,0.62363,0.84293,1.7201,7.0038,10.17,9.7725,8.5321,1.6653,0.69216,0.46601,0.46601,0.28098,0.30154,0.17133,0.061678,0.26727
0.43174,0.4523,0.34265,0.44545,0.47286,0.71957,0.8909,2.1587,6.5036,10.821,10.129,9.56,2.0217,0.6716,0.37692,0.31524,0.27412,0.19874,0.233,0.19874,0.2193
0.30839,0.39748,0.51398,0.52083,0.66475,0.72643,0.82237,2.4671,7.2574,10.389,9.0255,9.8136,2.0902,0.98684,0.46601,0.4523,0.26042,0.31524,0.16447,0.1165,0.12336
0.22615,0.49342,0.39063,0.30154,0.6716,0.71957,1.0005,2.5219,7.278,10.156,8.0318,9.5874,2.3643,0.74698,0.46601,0.45916,0.22615,0.22615,0.18503,0.15762,0.16447
0.27412,0.40433,0.46601,0.34951,0.60992,0.74013,0.8909,2.2067,7.0175,9.3407,8.2442,9.9986,2.5151,0.70587,0.54139,0.47286,0.3358,0.13706,0.15077,0.18503,0.13021
0.233,0.35636,0.45916,0.65789,0.51398,0.86349,1.1308,2.8372,7.2917,9.1077,6.9079,10.547,2.5562,0.7744,0.44545,0.4386,0.3358,0.15077,0.13706,0.14391,0.17818
0.40433,0.34265,0.30154,0.66475,0.64419,0.84293,0.95258,2.5082,8.2168,9.0049,5.8114,10.979,3.3306,0.59622,0.59622,0.39748,0.27412,0.17818,0.075384,0.24671,0.095943
0.18503,0.30839,0.38377,0.41804,0.52083,0.63048,0.92516,2.426,8.114,8.2305,5.9827,11.506,3.1593,0.62363,0.51398,0.36321,0.27412,0.23986,0.16447,0.19189,0.10965
0.28783,0.41118,0.30839,0.48657,0.70587,0.85663,0.70587,2.9194,9.3613,7.5247,5.4208,11.897,2.9468,0.81552,0.53454,0.30839,0.17133,0.27412,0.2193,0.12336,0.23986
0.35636,0.28783,0.44545,0.52769,0.76069,0.68531,0.91831,3.2209,10.019,7.0244,4.9411,11.835,3.2758,0.79496,0.52083,0.36321,0.41804,0.26042,0.23986,0.14391,0.16447
0.27412,0.31524,0.32209,0.58251,0.51398,0.62363,0.86349,3.5636,9.3407,6.298,4.4819,10.739,3.4197,0.85663,0.37007,0.39063,0.25356,0.233,0.14391,0.12336,0.15077
0.41118,0.31524,0.43174,0.49342,0.54139,0.73328,1.1171,3.4882,9.5669,5.9142,4.2421,11.171,4.0707,0.76069,0.60992,0.29468,0.21245,0.26042,0.2193,0.16447,0.082237
0.47286,0.53454,0.51398,0.60307,0.63734,0.60992,1.2198,4.2215,10.238,5.7086,3.5293,12.034,4.0433,0.90461,0.67845,0.21245,0.17133,0.17133,0.19874,0.16447,0.18503
0.37692,0.34265,0.6716,0.54825,0.48657,0.64419,1.213,4.8588,9.9918,5.0302,3.4814,11.76,3.6116,0.92516,0.72643,0.18503,0.24671,0.30839,0.16447,0.13021,0.095943
0.25356,0.32895,0.44545,0.51398,0.5551,0.65104,1.1856,4.4408,10.752,4.4682,2.9605,11.102,4.7286,0.76754,0.65789,0.38377,0.24671,0.34951,0.23986,0.16447,0.12336
0.31524,0.27412,0.46601,0.44545,0.51398,0.52769,1.3021,4.2421,11.404,4.4751,2.9537,11.705,5.0987,0.95258,0.58936,0.42489,0.19874,0.08909,0.30154,0.14391,0.13021
0.35636,0.3358,0.4523,0.54139,0.6716,0.72643,1.0211,5.3043,10.684,3.4334,2.8646,12.226,5.5099,0.95943,0.36321,0.27412,0.21245,0.15762,0.10965,0.23986,0.17818
0.28783,0.41804,0.30154,0.62363,0.71272,0.93887,1.4666,6.1541,11.301,3.3512,2.2341,11.075,5.6195,1.0622,0.58251,0.43174,0.30154,0.21245,0.13706,0.18503,0.22615
0.28098,0.47286,0.57566,0.41804,0.60307,0.8909,1.5008,5.6195,11.561,2.8851,2.0628,10.101,6.2363,1.4323,0.58936,0.34265,0.34951,0.30154,0.19189,0.2193,0.19874
0.30154,0.56195,0.52769,0.71957,0.67845,0.81552,1.3363,6.298,11.349,3.6184,1.8161,11.033,6.7845,1.261,0.52083,0.54139,0.233,0.233,0.20559,0.19874,0.12336
0.41118,0.47971,0.44545,0.58936,0.44545,0.87719,1.6105,6.0924,11.369,2.5493,1.7338,11.842,6.6338,1.2884,0.45916,0.42489,0.28098,0.21245,0.25356,0.14391,0.26727
0.28098,0.27412,0.34265,0.49342,0.59622,0.9937,1.9668,6.9833,11.328,2.5082,1.8777,10.019,8.0249,1.1308,0.44545,0.4523,0.30154,0.15077,0.1165,0.1028,0.17818
0.52083,0.4523,0.68531,0.50027,0.51398,1.1993,1.8092,8.2237,11.171,2.0148,1.4391,8.8679,8.8336,1.3501,0.37692,0.47286,0.37007,0.18503,0.23986,0.34951,0.095943
0.44545,0.24671,0.69901,0.50713,0.5551,0.85663,2.097,8.0455,10.506,2.5699,1.165,9.889,7.9907,1.7133,0.41118,0.36321,0.40433,0.23986,0.19189,0.20559,0.32895
0.25356,0.50713,0.47286,0.54825,0.6716,0.97999,2.1724,7.8605,11.225,2.1724,1.2952,9.6765,7.6069,1.6516,0.50713,0.47971,0.15762,0.28098,0.26727,0.26042,0.17818
0.35636,0.39748,0.47286,0.63048,0.61678,0.95258,2.1998,8.628,9.7862,1.7749,1.6721,7.9975,10.088,1.5625,0.69901,0.24671,0.19189,0.28098,0.12336,0.21245,0.1028
0.32209,0.53454,0.67845,0.4386,0.63048,0.98684,2.1656,7.7988,10.053,1.4254,1.3363,7.8262,10.739,1.5694,0.64419,0.3358,0.26042,0.19874,0.13706,0.26042,0.12336
0.34265,0.52083,0.64419,0.53454,0.54139,1.0896,2.4123,9.3681,9.6902,1.4117,1.1033,7.7097,10.047,1.8161,0.69901,0.34951,0.19874,0.48657,0.26727,0.12336,0.13706
0.37692,0.6716,0.52083,0.60992,0.71272,1.2473,2.7686,10.211,9.8547,1.5625,1.0417,7.0175,10.163,2.0902,0.49342,0.23986,0.24671,0.233,0.26042,0.075384,0.12336
0.48657,0.46601,0.53454,0.53454,0.65789,1.3638,2.8372,10.314,9.4641,1.5145,1.4323,6.2294,11.698,2.4945,0.41804,0.32895,0.35636,0.23986,0.17133,0.19874,0.26042
0.28098,0.51398,0.5688,0.59622,0.76754,1.3226,2.9331,10.218,8.0661,1.494,1.2061,5.8936,11.383,2.3163,0.70587,0.39063,0.39748,0.30839,0.18503,0.26042,0.18503
0.27412,0.52769,0.49342,0.54825,0.6716,1.398,2.8783,10.91,7.9975,1.2473,1.2404,5.4825,11.088,2.3232,0.62363,0.54139,0.30839,0.20559,0.20559,0.12336,0.10965
0.35636,0.37007,0.50713,0.5551,0.82922,1.5077,3.8925,10.615,7.7508,1.1376,0.90461,4.9411,11.856,2.7823,0.60307,0.41118,0.26727,0.20559,0.1165,0.095943,0.17133
0.38377,0.46601,0.52769,0.52769,0.93887,1.4117,4.0159,10.8,6.9285,1.3089,0.82922,4.1118,12.521,2.6796,1.0417,0.26042,0.20559,0.1165,0.15762,0.27412,0.20559
0.56195,0.60307,0.37007,0.60992,0.64419,1.2952,3.7555,11.876,5.969,0.89775,0.82237,3.9953,13.432,3.406,0.91831,0.35636,0.3358,0.34951,0.21245,0.15762,0.075384
0.46601,0.39063,0.47286,0.76754,0.84293,1.3569,5.3865,11.828,6.0924,1.2541,0.86349,3.4197,13.144,3.7623,0.95943,0.36321,0.38377,0.35636,0.233,0.22615,0.13706
0.32209,0.52769,0.68531,0.63734,0.60992,1.6036,4.4065,12.383,5.4413,1.1376,0.7881,3.1593,13.987,3.5362,0.95943,0.32209,0.34265,0.25356,0.15077,0.1028,0.20559
0.45916,0.5551,0.71272,0.57566,0.75384,2.2067,5.2974,12.212,5.6127,0.76069,0.62363,3.077,13.631,3.8309,0.75384,0.4523,0.28783,0.27412,0.17818,0.30154,0.15762
0.58251,0.62363,0.60307,0.58251,1.1102,1.7201,5.1467,12.301,4.6121,0.62363,0.69216,2.2752,14.275,3.9748,0.7881,0.4386,0.27412,0.2193,0.17133,0.2193,0.2193
0.39063,0.52769,0.76069,0.82237,0.87034,1.9326,5.8525,13.775,4.5573,0.82922,0.6716,2.4328,14.549,4.8931,0.86349,0.57566,0.15762,0.30154,0.34265,0.28783,0.22615
0.54139,0.42489,0.54139,0.7744,0.84293,2.1313,6.1883,12.829,4.3586,0.84978,0.65789,2.5082,14.919,5.037,1.2061,0.54139,0.31524,0.30839,0.37007,0.32209,0.26727
0.37692,0.44545,0.36321,0.7744,0.78125,2.193,6.7434,13.494,3.5293,0.63048,0.58936,2.0628,14.741,5.2426,1.3089,0.52083,0.34951,0.24671,0.17818,0.17818,0.095943
0.26727,0.46601,0.56195,0.73328,0.78125,2.5356,5.9211,13.507,2.8166,0.95943,0.60307,1.4666,13.98,5.3317,1.4391,0.59622,0.41804,0.34265,0.25356,0.17133,0.12336
0.42489,0.60307,0.58936,0.52769,0.88405,2.5699,6.1609,13.617,3.0291,1.0691,0.56195,1.5351,13.576,5.4413,1.2061,0.67845,0.22615,0.25356,0.233,0.17818,0.12336
0.30154,0.51398,0.62363,0.67845,0.89775,2.844,7.6412,13.967,2.8235,0.85663,0.71957,1.3158,14.323,6.0101,1.1171,0.45916,0.27412,0.23986,0.21245,0.24671,0.18503
0.30154,0.60992,0.52769,0.52083,1.1376,3.1113,8.3265,13.706,2.5905,0.76069,0.43174,1.6721,13.816,6.5515,1.1856,0.52769,0.37692,0.34951,0.30154,0.16447,0.16447
0.36321,0.45916,0.57566,0.66475,0.87034,3.4128,7.7029,13.117,2.707,0.65789,0.52083,1.9737,12.959,7.1203,1.0828,0.43174,0.36321,0.36321,0.39748,0.27412,0.17133
0.57566,0.54825,0.43174,0.8909,1.0143,3.2552,9.2791,14.227,2.7412,0.75384,0.58251,1.9257,12.925,6.298,1.3158,0.45916,0.41804,0.20559,0.19874,0.17133,0.21245
0.4523,0.39063,0.47286,0.71272,1.0211,3.6047,9.1351,13.747,2.7549,0.76754,0.71957,1.3089,13.233,7.6206,1.5556,0.47971,0.32895,0.23986,0.20559,0.21245,0.24671
0.52083,0.51398,0.54139,0.5551,1.1033,4.2283,9.6286,13.37,1.9737,0.92516,0.64419,1.0759,11.863,7.8056,1.6516,0.46601,0.26727,0.16447,0.27412,0.19189,0.15077
0.38377,0.48657,0.59622,0.50027,1.261,3.8651,9.5737,12.5,1.7612,0.50713,0.72643,1.1582,12.212,9.1009,1.3638,0.40433,0.34265,0.25356,0.15762,0.23986,0.23986
0.31524,0.62363,0.42489,0.85663,1.261,4.2763,10.06,12.548,1.7475,0.58936,0.65789,0.98684,11.308,9.3887,1.9326,0.75384,0.36321,0.37692,0.25356,0.22615,0.19874
0.40433,0.64419,0.50713,0.84978,1.0143,4.2626,10.876,11.301,1.6242,0.75384,0.6716,0.94572,11.431,9.5669,2.0491,0.43174,0.34265,0.25356,0.26727,0.20559,0.16447
0.50027,0.40433,0.50027,0.53454,1.1993,5.1329,11.081,11.506,1.5968,0.66475,0.84978,1.213,10.06,10.245,2.5219,0.73328,0.22615,0.32209,0.233,0.20559,0.12336
0.51398,0.36321,0.71957,0.74698,1.261,5.8046,10.862,11.691,1.6379,0.80866,0.69216,1.0896,9.9095,11.376,2.2341,0.66475,0.28098,0.28098,0.15762,0.14391,0.10965
0.32895,0.40433,0.69901,0.71957,1.2061,5.3728,10.471,10.321,1.6721,0.69216,0.71957,0.89775,9.3339,11.362,2.892,0.5688,0.233,0.17133,0.21245,0.2193,0.24671
0.46601,0.43174,0.74013,0.60307,1.1924,5.3385,11.349,9.6834,1.213,0.9937,0.54139,0.88405,9.094,11.917,2.6042,0.70587,0.17818,0.14391,0.18503,0.15762,0.041118
0.50713,0.37692,0.37007,0.84293,1.4597,5.969,11.89,8.4293,1.0417,0.51398,0.51398,0.76754,7.8468,11.52,3.173,0.54825,0.45916,0.1165,0.15762,0.31524,0.19874
0.37692,0.51398,0.62363,0.84978,1.398,6.6406,13.11,8.7377,1.3021,0.49342,0.65104,0.93202,8.5184,12.856,3.6116,0.5688,0.5551,0.22615,0.26727,0.32209,0.19874
0.52083,0.57566,0.7744,0.84978,1.5762,7.2643,12.712,9.6902,1.4254,0.60992,0.52083,0.76069,7.1683,13.425,3.2209,0.73328,0.28098,0.233,0.17133,0.3358,0.17818
0.69901,0.61678,0.52769,0.89775,1.8983,7.4561,12.061,8.5663,1.0691,0.45916,0.5688,0.74013,6.0787,13.542,3.8651,0.6716,0.4523,0.30154,0.17818,0.18503,0.2193
0.78125,0.39063,0.58251,1.0759,1.8298,8.2785,13.507,7.7782,1.0828,0.71957,0.56195,0.86349,5.9759,13.028,4.2626,0.90461,0.47971,0.27412,0.36321,0.23986,0.19874
0.49342,0.38377,0.69216,0.78125,2.241,8.6212,13.336,6.901,1.0348,0.65789,0.5551,0.79496,4.9274,13.973,4.153,1.1239,0.32209,0.32209,0.23986,0.23986,0.18503
0.66475,0.61678,0.66475,1.1582,2.1039,8.5663,14.275,6.0033,0.89775,0.43174,0.58936,0.6716,4.5436,15.255,4.9548,1.2884,0.4523,0.36321,0.19189,0.17133,0.22615
0.52083,0.52769,0.96628,0.96628,1.8298,8.2717,13.877,5.7086,0.7881,0.67845,0.57566,0.71957,5.1124,14.385,4.8109,1.1445,0.43174,0.28098,0.31524,0.19874,0.15762
0.60307,0.61678,0.7744,0.85663,2.707,8.7856,14.385,5.2495,1.0143,0.47286,0.57566,0.62363,4.153,16.022,5.0164,1.2061,0.50027,0.26727,0.16447,0.12336,0.24671
0.83607,0.82237,0.73328,0.8909,2.4123,10.033,14.33,4.4888,0.93202,0.59622,0.57566,0.58251,4.0296,15.824,5.7497,1.0896,0.41804,0.36321,0.20559,0.10965,0.3358
0.65789,0.7744,0.69901,0.92516,2.7138,10.41,13.699,4.6669,0.87034,0.83607,0.5551,0.44545,3.4539,16.536,6.2706,1.1993,0.41118,0.29468,0.19874,0.068531,0.16447
0.54825,0.54139,0.92516,0.90461,2.8783,9.7588,14.816,4.1872,0.90461,0.47971,0.50027,0.5551,3.2004,15.7,6.1541,1.2061,0.28098,0.30154,0.17818,0.12336,0.24671
0.58936,0.69901,0.60307,1.0896,3.7007,10.218,15.132,3.4745,0.80866,0.37007,0.44545,0.7881,3.0565,15.954,6.5652,1.4049,0.40433,0.30839,0.25356,0.233,0.18503
0.58936,0.67845,0.67845,1.2747,3.1456,11.02,16.125,3.4677,0.82237,0.48657,0.51398,0.67845,3.0085,16.804,6.9901,1.5419,0.4386,0.37692,0.30839,0.37692,0.12336
0.61678,0.6716,0.69901,1.1376,3.4677,12.486,15.228,3.0907,0.71272,0.53454,0.51398,0.65104,2.7686,17.112,7.4424,1.4597,0.45916,0.3358,0.19874,0.32209,0.40433
0.51398,0.7744,0.65104,1.1719,3.9337,12.246,15.584,3.0222,0.75384,0.4523,0.52083,0.6716,2.2889,17.27,8.347,1.8777,0.52769,0.35636,0.49342,0.2193,0.30839
0.54139,0.61678,0.76754,1.2404,4.3448,11.664,16.345,3.0976,0.89775,0.65789,0.74013,0.60307,2.2615,17.626,8.7993,1.9942,0.54825,0.29468,0.27412,0.26042,0.13706
0.57566,0.76754,0.90461,1.1445,4.4545,11.678,15.029,2.5425,0.95943,0.60992,0.45916,0.57566,2.33,17.078,7.7714,1.5625,0.50027,0.26727,0.26042,0.2193,0.15762
0.71272,0.65789,0.69901,1.2747,4.9411,12.685,15.275,2.4877,0.50713,0.69216,0.61678,0.6716,1.7064,16.968,8.347,1.9531,0.5688,0.27412,0.2193,0.31524,0.17133
0.82922,0.57566,0.67845,1.4734,5.1535,12.993,15.536,2.0765,0.73328,0.7744,0.52083,0.75384,1.7887,16.639,9.7656,2.3026,0.65789,0.32895,0.2193,0.27412,0.15762
0.50713,0.74698,0.87719,1.6516,5.6332,12.98,15.687,1.9737,0.63048,0.69901,0.56195,0.6716,1.6516,16.125,10.033,2.9126,0.61678,0.3358,0.20559,0.3358,0.29468
0.39063,0.75384,0.67845,1.5762,5.4825,12.589,15.392,2.2204,0.84293,0.57566,0.50713,0.60992,1.4323,17.359,10.636,2.378,0.4386,0.15077,0.2193,0.34951,0.30839
0.61678,0.58251,0.82237,1.8503,5.7497,13.007,13.549,1.8572,0.80866,0.47286,0.54139,0.66475,1.0759,15.385,11.129,2.707,0.58251,0.29468,0.17818,0.26727,0.2193
0.56195,0.63734,0.79496,2.3643,6.3117,13.343,15.31,1.8024,0.79496,0.48657,0.42489,0.74013,1.0554,16.269,11.547,2.7686,0.58936,0.39748,0.3358,0.26042,0.22615
0.46601,0.81552,0.58251,1.9257,7.23,14.419,14.124,1.9052,0.69901,0.47971,0.63734,0.72643,1.261,15.399,13.336,3.1661,0.47286,0.45916,0.34265,0.46601,0.25356
0.42489,0.79496,0.95258,1.9874,7.3396,13.836,13.624,1.2952,0.50713,0.54825,0.70587,0.60307,1.261,16.386,13.302,4.2489,0.41804,0.26042,0.27412,0.30154,0.15077
0.50027,0.60992,0.95943,1.8503,7.6686,14.775,13.213,1.0896,0.52769,0.65789,0.5688,0.68531,1.0896,16.091,14.378,3.7007,0.71272,0.28783,0.31524,0.31524,0.15077
0.65104,0.82922,1.1513,2.0285,8.3813,14.158,12.466,1.4254,0.60992,0.51398,0.43174,0.57566,1.1787,13.919,14.583,4.5779,0.84978,0.34951,0.28783,0.29468,0.32209
0.57566,1.0348,0.91831,2.2821,8.9501,14.22,11.952,1.5419,0.86349,0.54139,0.46601,0.59622,1.0965,12.843,15.056,4.7218,0.76069,0.37692,0.25356,0.38377,0.30154
0.79496,1.0691,1.3021,2.7138,10.04,14.487,10.821,1.3226,0.89775,0.48657,0.71957,0.61678,1.0828,12.308,15.55,5.1398,0.70587,0.64419,0.23986,0.30839,0.28783
0.70587,0.98684,1.0143,2.9537,10.348,15.289,10.341,1.5694,0.63734,0.50713,0.64419,0.68531,1.0965,11.746,14.398,5.3385,0.66475,0.47286,0.26727,0.34265,0.31524
0.65789,1.1308,1.2884,2.7138,10.787,15.707,10.657,1.1308,0.56195,0.68531,0.64419,0.76754,1.2473,12.356,14.481,5.6812,0.71272,0.31524,0.32895,0.23986,0.17818
0.85663,1.0074,1.1102,2.8303,10.931,14.809,10.012,0.91831,0.7744,0.52083,0.63734,0.63734,1.1993,10.088,16.536,5.6332,0.74698,0.50027,0.42489,0.30839,0.25356
0.66475,1.0143,1.5008,3.0702,10.985,14.35,8.9501,0.74013,0.74013,0.54139,0.5688,0.61678,0.91146,9.2037,17.674,6.4008,0.92516,0.52083,0.18503,0.30154,0.233
0.72643,0.8909,1.0759,3.639,11.129,14.803,8.5252,1.2884,0.73328,0.73328,0.51398,0.6716,0.95258,9.7725,16.303,6.1678,1.1924,0.54139,0.3358,0.16447,0.37692
0.94572,0.82237,1.1308,4.1324,11.328,14.597,8.1552,1.1582,0.79496,0.60992,0.65104,0.50713,0.73328,8.58,16.817,7.1203,1.0417,0.44545,0.47286,0.17818,0.37007
0.87719,1.165,1.1376,4.0228,12.767,15.186,7.2848,1.0074,0.60992,0.5551,0.3358,0.45916,0.73328,7.2643,18.805,8.5663,1.0759,0.58936,0.41118,0.39748,0.34265
0.90461,1.3363,1.261,3.8788,13.898,15.351,7.4219,1.0417,0.49342,0.78125,0.63734,0.71957,0.70587,7.0175,18.901,8.7993,1.0828,0.47286,0.37007,0.4386,0.13706
0.92516,1.3089,1.1856,4.9959,14.789,14.296,5.832,1.1102,0.60307,0.64419,0.48657,0.37692,0.64419,7.134,19.888,9.6217,0.95943,0.68531,0.28098,0.39063,0.23986
0.64419,0.82922,1.3501,5.551,13.994,14.001,5.7497,1.1787,0.69901,0.60992,0.52083,0.49342,0.8909,5.7155,20.306,10.341,1.2473,0.42489,0.32895,0.44545,0.29468
0.64419,1.3089,1.6379,6.2294,13.494,15.001,5.1809,1.261,0.80181,0.44545,0.44545,0.83607,0.87034,5.3111,20.854,9.4435,1.2404,0.42489,0.30154,0.31524,0.23986
0.61678,1.1376,1.727,6.3322,13.268,15.371,5.4756,0.95943,0.65789,0.42489,0.63734,0.93887,0.83607,5.3591,19.99,11.87,1.3226,0.61678,0.37007,0.37692,0.29468
1.0211,1.2952,1.6036,7.2437,14.899,13.699,4.5573,0.79496,0.62363,0.74013,0.43174,0.72643,0.68531,4.5573,20.079,11.678,1.4254,0.51398,0.51398,0.39748,0.26727
0.85663,1.3569,1.7544,7.7166,14.391,14.193,4.3517,0.87034,0.63734,0.71957,0.6716,0.74698,0.52769,3.8103,20.806,11.801,1.5625,0.52769,0.32895,0.25356,0.23986
0.85663,1.3089,2.241,7.6206,15.262,13.644,4.5093,0.91146,0.81552,0.67845,0.48657,0.7744,0.72643,4.2695,21.203,11.623,1.5625,0.52769,0.63048,0.28098,0.28098
0.75384,1.1033,1.5625,8.1346,15.94,14.481,4.009,0.79496,0.5688,0.76069,0.52769,0.52083,0.66475,4.1255,22.087,12.569,1.6721,0.51398,0.54825,0.26042,0.32209
0.83607,1.3638,1.9942,8.8268,15.789,13.686,2.9263,0.80866,0.65789,0.68531,0.58251,0.73328,0.94572,3.1935,22.512,12.274,1.8777,0.65789,0.5688,0.42489,0.4523
0.95943,1.2884,2.2684,9.7382,15.659,12.164,2.8029,0.92516,0.70587,0.50713,0.50027,0.47971,0.76754,3.2415,20.991,13.727,2.3575,0.58936,0.37692,0.38377,0.2193
0.95943,1.6584,2.2684,10.163,17.153,12.856,2.4465,1.0348,0.4523,0.52769,0.4523,0.67845,0.59622,2.9811,20.916,14.015,2.1107,0.50027,0.48657,0.32209,0.28783
1.0348,1.1513,2.7001,10.403,18.627,12.63,2.7344,1.0143,0.60307,0.52769,0.73328,0.61678,0.82237,2.6384,20.888,14.158,2.3095,0.72643,0.34265,0.31524,0.29468
0.87719,1.3089,2.611,10.574,18.25,11.65,2.2135,0.93202,0.75384,0.62363,0.71272,0.60992,0.89775,2.7412,22.608,15.858,2.5973,0.79496,0.34265,0.32209,0.26042
0.80866,1.3295,2.8166,11.061,17.551,10.362,2.0491,0.64419,0.97999,0.52083,0.81552,0.63048,0.91831,2.3986,22.396,16.201,2.9811,0.86349,0.44545,0.41118,0.38377
0.89775,1.3089,2.9126,10.814,17.982,9.7656,2.1382,0.65789,0.5688,0.71272,0.66475,0.74013,0.62363,2.1998,19.017,16.29,3.1661,0.71957,0.41804,0.38377,0.25356
1.0211,1.5077,3.2346,12.315,17.153,10.334,2.5836,0.98684,0.57566,0.69216,0.71957,0.83607,0.5551,1.8572,18.743,17.215,2.9879,0.72643,0.47286,0.41118,0.36321
1.0211,1.6173,3.1456,12.822,17.654,9.7519,1.8709,0.80181,0.68531,0.53454,0.54139,0.69901,0.66475,1.9874,19.504,18.633,3.1113,0.80866,0.52083,0.34951,0.29468
0.67845,1.4117,2.7755,13.891,17.715,8.5252,1.9531,0.8909,0.69901,0.64419,0.59622,0.54825,0.72643,1.6584,17.948,19.73,3.3923,0.60307,0.5551,0.40433,0.22615
0.95943,1.7407,3.4882,13.912,18.558,7.6891,1.5899,0.9937,0.51398,0.52083,0.54825,0.5551,0.7881,1.5145,17.989,19.593,3.9816,0.66475,0.71272,0.47286,0.4523
0.9937,1.8435,3.9679,14.481,18.442,8.4019,1.8092,0.91146,0.64419,0.52083,0.48657,0.46601,0.4386,1.5077,17.475,20.258,3.8651,1.0759,0.34265,0.34951,0.53454
1.1171,1.2952,4.6532,15.104,18.195,7.648,1.6927,0.87034,0.4523,0.54139,0.90461,0.63734,0.89775,1.5762,16.982,21.197,4.3037,1.1787,0.34265,0.29468,0.35636
1.0485,1.5282,4.5436,16.454,18.565,6.7914,1.0622,0.89775,0.56195,0.52769,0.5551,0.75384,0.82922,1.8024,15.755,20.326,5.3522,0.95943,0.63734,0.40433,0.46601
1.1171,1.8503,4.7834,15.029,18.627,6.4693,1.3089,0.85663,0.47286,0.66475,0.32895,0.51398,0.71957,1.5077,15.646,22.183,4.9205,1.028,0.4523,0.39748,0.29468
0.96628,1.727,5.2563,15.042,18.579,6.065,1.494,1.0417,0.63734,0.80181,0.59622,0.52769,0.74698,1.0691,14.481,22.704,5.4687,1.1376,0.34951,0.3358,0.31524
1.0074,1.4186,5.1809,17.249,19.202,5.7771,1.3912,0.73328,0.64419,0.60307,0.50713,0.58251,0.74698,1.3706,14.241,22.512,4.8999,1.0896,0.51398,0.41804,0.35636
0.93887,1.9463,5.6538,18.222,17.811,6.0307,1.1376,0.54139,0.7744,0.7881,0.47286,0.58936,0.58936,1.1787,14.282,23.294,5.5099,1.0622,0.47286,0.34265,0.32895
0.89775,1.9463,6.4693,18.428,17.242,5.5236,1.0759,0.82922,0.58936,0.5688,0.4523,0.48657,0.44545,1.3706,13.199,24.479,6.3802,0.98684,0.63048,0.47286,0.21245
1.0348,2.0765,6.3391,18.167,17.88,4.5984,1.5008,0.76069,0.67845,0.53454,0.50713,0.56195,0.74698,1.213,11.424,23.938,6.3459,1.1924,0.37007,0.52083,0.30839
1.1924,1.7407,7.278,18.675,17.907,4.5299,1.213,0.65104,0.80181,0.5688,0.8909,0.37007,0.66475,1.1719,11.061,24.356,6.8942,1.4117,0.34951,0.39748,0.26042
1.0005,2.1861,7.3054,19.161,17.29,4.6601,1.2678,0.58251,0.49342,0.52083,0.32209,0.54139,0.50713,1.2267,9.9164,25.247,7.6686,1.3706,0.50713,0.44545,0.29468
0.98684,2.1656,7.8605,19.613,17.119,3.0222,1.1719,0.62363,0.50713,0.54139,0.47286,0.49342,0.5688,0.97999,8.5458,24.37,7.0175,0.89775,0.40433,0.39063,0.36321
0.95258,1.8709,7.9427,19.915,17.16,2.7549,0.86349,0.69216,0.52769,0.43174,0.59622,0.75384,0.63734,0.72643,7.8947,24.095,7.2505,1.0554,0.28098,0.40433,0.30839
1.1719,1.9326,7.1615,18.421,14.967,3.077,0.85663,0.54139,0.45916,0.41804,0.30839,0.37692,0.62363,0.78125,6.8325,21.971,6.8051,1.3226,0.29468,0.31524,0.39063
0.8909,1.7064,7.2368,16.016,14.289,2.4603,0.91146,0.29468,0.44545,0.43174,0.37007,0.29468,0.5688,0.78125,5.6812,18.873,6.25,0.94572,0.39748,0.34951,0.19874
0.7744,1.446,6.7845,15.084,12.157,1.9463,0.79496,0.46601,0.28098,0.4523,0.233,0.3358,0.52769,0.54139,4.6669,15.365,5.2015,0.62363,0.41804,0.17818,0.16447
0.67845,1.5831,5.2015,13.528,9.7314,1.3912,0.51398,0.65789,0.26727,0.19189,0.34951,0.30154,0.4386,0.36321,4.1324,12.87,4.3311,0.7881,0.29468,0.14391,0.24671
0.54139,1.3775,5.2357,10.561,7.6206,1.4803,0.34265,0.43174,0.24671,0.15762,0.21245,0.28783,0.30839,0.37692,2.3026,10.828,3.8103,0.66475,0.24671,0.20559,0.26042
0.41804,0.74013,3.4677,7.6891,5.5853,0.94572,0.26042,0.39748,0.3358,0.2193,0.26727,0.19189,0.32209,0.28098,1.6173,6.9353,2.9674,0.71272,0.20559,0.13706,0.1028
0.35636,0.65789,2.0422,4.7012,3.5156,0.80181,0.34265,0.41804,0.26727,0.1165,0.15762,0.18503,0.21245,0.28783,1.0691,4.3174,1.8298,0.38377,0.095943,0.1028,0.21245
0.34265,0.53454,1.6242,3.9474,2.5562,0.5688,0.233,0.233,0.054825,0.068531,0.1028,0.233,0.15077,0.15762,0.82922,2.7823,1.213,0.29468,0.14391,0.15077,0.034265
0.15762,0.30154,1.1445,2.3026,2.0148,0.52769,0.25356,0.17133,0.041118,0.041118,0.075384,0.08909,0.075384,0.13706,0.35636,1.5694,0.86349,0.2193,0.075384,0.013706,0.027412
0.18503,0.19189,0.76069,0.97314,1.3569,0.19189,0.13706,0.034265,0.068531,0.10965,0.068531,0.047971,0.08909,0.23986,0.37007,0.80181,0.43174,0.1028,0.027412,0.013706,0.027412
0.027412,0.15762,0.42489,0.70587,0.81552,0.17818,0.12336,0.054825,0.047971,0.027412,0.020559,0.054825,0.020559,0.08909,0.14391,0.54139,0.31524,0.08909,0.041118,0.034265,0.013706
0.027412,0.075384,0.24671,0.30154,0.28783,0.1028,0.034265,0.020559,0.041118,0,0.041118,0.041118,0.020559,0.047971,0.061678,0.23986,0.12336,0.054825,0.041118,0.020559,0
0.0068531,0.054825,0.068531,0.19189,0.20559,0.061678,0,0,0.013706,0.0068531,0,0.0068531,0.068531,0.013706,0.047971,0.082237,0.034265,0.075384,0,0.020559,0.0068531
0.0068531,0.027412,0.068531,0.082237,0.068531,0.034265,0.034265,0,0.0068531,0.054825,0,0.0068531,0.020559,0.047971,0.027412,0.047971,0.054825,0.013706,0,0,0.0068531
0.013706,0.047971,0.0068531,0.020559,0.013706,0.0068531,0,0,0,0.0068531,0,0,0.013706,0.013706,0.013706,0.013706,0.0068531,0,0,0,0.0068531
0,0.0068531,0,0,0,0.020559,0.013706,0.027412,0,0.013706,0,0.034265,0.013706,0,0.013706,0.0068531,0,0,0,0,0.0068531
0,0,0.020559,0.0068531,0,0,0,0.0068531,0.020559,0,0,0.068531,0.020559,0,0,0,0,0,0,0.020559,0
0,0,0.013706,0.0068531,0.027412,0.013706,0,0,0,0,0,0.013706,0.027412,0.0068531,0.0068531,0,0,0,0,0.0068531,0.0068531
0,0.0068531,0,0.020559,0.013706,0.020559,0,0,0,0.0068531,0.013706,0,0,0,0.013706,0,0,0.0068531,0,0.027412,0.013706
0.013706,0.0068531,0,0,0.0068531,0.020559,0.0068531,0,0,0,0,0.0068531,0.027412,0,0,0,0,0,0,0,0
0.0068531,0,0,0,0.020559,0.0068531,0,0,0,0,0,0,0,0,0.020559,0.013706,0,0,0,0,0
0.013706,0,0,0.013706,0.0068531,0,0.013706,0,0,0,0,0,0,0,0,0.047971,0,0,0,0,0
0.0068531,0,0,0,0,0,0.0068531,0.013706,0,0,0.0068531,0,0,0.027412,0.020559,0.0068531,0.0068531,0,0,0,0
0,0.013706,0,0,0,0.0068531,0,0.013706,0.041118,0.013706,0,0,0.0068531,0,0.013706,0.061678,0.027412,0,0,0.0068531,0
0,0.013706,0,0,0,0.041118,0.020559,0,0.013706,0,0,0,0,0.013706,0.013706,0.0068531,0.013706,0,0,0,0
0.0068531,0,0,0,0,0.034265,0,0,0,0.0068531,0,0.013706,0,0.027412,0,0.0068531,0,0,0,0,0
0,0,0,0,0,0,0,0,0,0,0.0068531,0.0068531,0,0.0068531,0,0.020559,0,0.020559,0,0,0.027412
0,0,0,0.013706,0.013706,0,0,0.034265,0.0068531,0,0.0068531,0.0068531,0.020559,0.013706,0.0068531,0.027412,0,0,0,0,0.0068531
0,0.0068531,0,0,0,0,0.020559,0.041118,0,0,0,0.041118,0,0.0068531,0.0068531,0.041118,0,0,0,0,0
0.020559,0.027412,0.013706,0,0,0.013706,0.0068531,0.013706,0,0,0,0,0,0.013706,0,0,0,0,0,0,0.0068531
0,0,0,0,0.013706,0.0068531,0.0068531,0,0,0,0,0,0,0,0.020559,0,0,0,0,0,0
0,0,0,0.0068531,0,0,0,0,0,0,0,0,0,0.0068531,0.027412,0,0.0068531,0,0,0,0
0,0,0,0,0,0,0,0,0,0,0,0,0,0.013706,0,0,0.0068531,0,0,0,0
0,0.013706,0,0,0.020559,0,0.0068531,0.013706,0.0068531,0,0.013706,0,0,0,0,0.0068531,0,0,0.013706,0.013706,0
0,0,0.013706,0,0.013706,0,0,0,0.020559,0,0,0,0,0.0068531,0,0.047971,0,0.0068531,0,0.013706,0
0,0.0068531,0.0068531,0,0,0.013706,0,0,0,0,0,0.020559,0,0,0.013706,0,0.0068531,0,0,0,0
0,0,0,0,0,0,0.013706,0,0,0,0,0,0.013706,0,0,0.020559,0,0,0,0,0
0,0,0,0,0,0,0,0,0,0,0,0,0,0,0,0,0,0.0068531,0.013706,0,0
0.020559,0,0,0,0.041118,0.034265,0,0.013706,0,0,0,0,0,0.027412,0.0068531,0,0,0.0068531,0,0,0
0,0,0,0,0.020559,0,0,0,0,0,0,0,0,0.0068531,0,0.0068531,0.013706,0.027412,0,0,0
0,0.020559,0,0,0.0068531,0,0,0.0068531,0,0,0,0,0.013706,0,0,0.0068531,0,0.020559,0,0,0
0,0,0,0,0.0068531,0,0,0.013706,0,0,0,0,0.027412,0,0,0,0,0,0.013706,0,0
0,0,0,0,0,0,0,0.013706,0,0,0,0.013706,0,0,0.013706,0,0,0,0,0,0
0,0,0,0,0,0.013706,0,0.027412,0,0,0,0.0068531,0,0,0.0068531,0,0.0068531,0,0,0,0.0068531
