0.61678,0.63048,0.65104,0.94572,1.0965,0.61678,1.2473,1.5351,1.2473,0.95258,1.0965,1.3363,1.8161,0.89775,0.85663,0.83607,0.51398,0.44545,0.24671,0.35636,0.21245
0.60307,0.59622,1.0417,0.80181,0.70587,1.1239,1.0828,1.3363,1.2404,1.1513,0.97314,1.1719,1.8024,1.1033,1.0211,0.68531,0.53454,0.41804,0.30154,0.34265,0.30154
0.39063,0.5688,0.85663,0.95258,0.94572,1.0485,1.1171,1.2678,1.1445,1.3089,1.1856,1.3775,1.4734,0.93887,1.4117,0.69216,0.41118,0.37692,0.25356,0.19189,0.39063
0.60992,0.69901,0.74698,0.86349,0.97999,0.69216,0.98684,1.3363,1.4186,1.1239,1.2404,1.494,1.679,1.028,1.398,0.94572,0.54139,0.39748,0.37007,0.31524,0.38377
0.76069,0.61678,0.53454,0.76754,0.76754,1.0005,1.3775,1.7681,1.2541,0.93202,1.213,1.1993,1.7201,1.1513,1.1787,0.69216,0.42489,0.30839,0.37007,0.17133,0.31524
0.79496,0.53454,0.6716,0.74013,0.65789,1.0485,1.0348,1.7681,0.91146,1.3706,1.028,1.1924,1.6516,1.1445,1.3912,0.7881,0.41118,0.19189,0.17818,0.25356,0.25356
0.68531,0.38377,0.71272,0.69901,0.9937,0.95943,0.9937,1.7612,1.1582,1.1993,0.93887,1.1102,1.4391,0.9937,1.4597,1.0417,0.47971,0.32209,0.26042,0.30839,0.25356
0.47971,0.66475,0.7744,0.91146,0.86349,0.93202,0.97999,1.7338,0.72643,1.3295,0.94572,1.3226,1.1993,0.91146,1.1376,0.71957,0.34265,0.15077,0.2193,0.30839,0.39748
0.74698,0.63734,0.63734,0.76069,0.74013,0.79496,0.89775,1.9942,1.2747,1.0965,1.0554,1.0348,1.5419,1.1171,1.0143,0.81552,0.38377,0.32209,0.30839,0.2193,0.39063
0.61678,0.54139,0.62363,0.59622,0.74013,0.83607,1.1924,1.6036,1.0828,1.2747,1.1924,1.2815,1.6584,0.97999,1.4049,0.52083,0.26727,0.26727,0.22615,0.26042,0.24671
0.4523,0.56195,0.44545,0.90461,0.8909,1.261,0.86349,1.1924,1.2404,1.0143,1.0622,1.3295,1.7955,0.91146,1.3843,0.65104,0.28098,0.34265,0.34951,0.28098,0.25356
0.6716,0.60307,0.61678,0.60992,0.79496,0.97314,1.0554,1.5077,1.0965,1.1856,1.1856,1.2473,1.7955,0.95943,1.3226,0.84978,0.58936,0.23986,0.24671,0.20559,0.32209
0.56195,0.69901,0.62363,0.62363,1.0143,0.70587,0.91831,1.4049,1.2336,1.4323,1.1308,1.3432,1.6653,1.5077,1.1102,0.79496,0.27412,0.28783,0.24671,0.29468,0.4386
0.6716,0.53454,0.63734,0.74013,1.1513,1.0622,0.95943,1.4666,1.1445,1.261,1.5351,1.3432,1.6105,0.93887,1.0554,0.64419,0.25356,0.34265,0.34265,0.19189,0.31524
0.41804,0.47971,0.58251,0.83607,0.81552,0.82237,0.84978,1.4597,1.261,1.2267,1.2267,1.446,1.8914,0.84978,1.1582,0.63048,0.29468,0.34951,0.34265,0.34265,0.23986
0.21245,0.4523,0.60992,0.52083,0.86349,0.91146,0.97314,1.4734,1.2198,1.0896,1.3432,1.3295,1.5625,1.4529,1.7612,0.39063,0.32209,0.10965,0.22615,0.32209,0.21245
0.24671,0.68531,0.45916,0.71272,0.80181,0.6716,1.0759,1.3775,1.1376,1.1856,1.2198,1.3295,1.8024,1.1033,1.3775,0.45916,0.42489,0.28783,0.39063,0.35636,0.19874
0.52083,0.51398,0.60307,0.75384,0.80866,0.8909,1.1582,1.5488,1.2198,1.494,1.3295,1.1308,1.2678,1.2061,1.2198,0.43174,0.35636,0.2193,0.38377,0.26042,0.28783
0.42489,0.41804,0.63734,0.61678,0.71272,0.6716,0.87719,1.3569,1.3089,1.0074,1.1239,1.3295,1.3363,1.6721,1.1993,0.54139,0.26042,0.3358,0.30154,0.26727,0.24671
0.30154,0.57566,0.50027,0.68531,0.76069,0.86349,1.0965,1.3638,1.3295,1.3363,0.95258,1.0622,1.5077,1.3158,1.0759,0.60992,0.37007,0.37692,0.24671,0.22615,0.21245
0.35636,0.5551,0.57566,0.5688,0.60307,0.93202,1.0348,1.3089,1.0485,1.1856,0.96628,1.3706,1.2678,1.2678,1.0759,0.50027,0.26042,0.17818,0.21245,0.19189,0.233
0.30154,0.41804,0.79496,0.54139,0.96628,0.80181,1.0965,1.1102,1.2061,0.97999,0.9937,1.2952,1.5008,1.1924,1.3363,0.52083,0.31524,0.18503,0.15077,0.34265,0.19874
0.26042,0.47286,0.66475,0.51398,0.76069,0.89775,0.87034,1.3226,1.0074,1.3638,1.0485,1.261,1.5625,1.4803,1.3843,0.48657,0.30839,0.32209,0.19189,0.28783,0.19189
0.28783,0.65789,0.46601,0.50713,0.61678,1.0554,0.93202,1.1033,1.0143,1.1582,1.0211,1.3843,1.4803,1.3295,1.1171,0.76069,0.233,0.36321,0.17818,0.15762,0.28098
0.41118,0.41118,0.35636,0.47971,0.6716,1.1513,1.0211,1.2884,1.0485,1.1993,1.0691,1.4666,1.3158,1.5077,1.165,0.49342,0.25356,0.3358,0.25356,0.28783,0.26042
0.31524,0.42489,0.26042,0.65104,0.54825,0.90461,1.165,1.2815,1.2404,0.96628,1.1719,1.3089,1.3638,1.3912,0.9937,0.57566,0.28783,0.26042,0.40433,0.39063,0.28783
0.37007,0.54825,0.50027,0.5688,0.63048,1.028,0.80181,1.5556,1.4734,0.9937,1.2541,1.1993,1.398,1.5008,1.0143,0.44545,0.29468,0.18503,0.17133,0.39748,0.233
0.30839,0.40433,0.34265,0.47286,0.69901,0.67845,0.8909,1.6173,1.2541,1.0691,1.3089,1.2884,1.213,1.7818,1.1033,0.44545,0.30839,0.23986,0.28783,0.3358,0.25356
0.30154,0.39748,0.35636,0.52083,0.71957,0.71272,0.95943,1.3569,1.3501,1.213,1.1787,1.5419,1.1719,1.8229,1.0554,0.3358,0.16447,0.16447,0.26727,0.20559,0.2193
0.30839,0.41804,0.4523,0.60992,0.89775,1.1993,1.0759,1.4871,1.5214,1.165,1.0691,1.4186,1.2404,1.6721,0.93887,0.4523,0.29468,0.19874,0.2193,0.18503,0.233
0.29468,0.43174,0.13021,0.48657,0.71957,0.9937,1.0211,1.0554,1.0896,1.3021,1.0896,1.4049,1.0828,1.631,0.9937,0.59622,0.41118,0.28783,0.17133,0.2193,0.19189
0.19189,0.49342,0.32209,0.53454,0.7744,0.93887,1.2678,1.4049,1.3501,1.2404,1.2336,1.4391,1.5145,1.3912,1.1924,0.51398,0.20559,0.37692,0.20559,0.18503,0.22615
0.25356,0.26042,0.42489,0.38377,0.52083,0.87719,1.0348,1.213,1.1308,1.1924,1.1582,1.4803,1.5077,1.6379,1.1102,0.52083,0.24671,0.18503,0.40433,0.28098,0.34265
0.36321,0.13021,0.3358,0.37007,0.5688,0.95258,1.3843,1.3089,1.2404,1.398,1.0896,1.1033,1.6105,1.7749,0.83607,0.31524,0.17133,0.29468,0.32209,0.233,0.14391
0.20559,0.37007,0.39063,0.36321,0.69216,0.84978,1.5351,1.2404,1.1445,1.165,0.93887,1.213,1.7612,1.7475,0.7744,0.37692,0.31524,0.28783,0.25356,0.41118,0.30154
0.19189,0.29468,0.31524,0.45916,0.95943,0.90461,1.1924,1.261,1.4734,1.3501,0.80866,1.4734,1.3158,1.7064,0.95258,0.49342,0.30839,0.2193,0.16447,0.37007,0.24671
0.2193,0.32209,0.4386,0.48657,0.67845,1.1787,1.1445,0.91831,1.3706,1.1239,1.1924,1.3021,1.3843,1.9668,0.82922,0.39063,0.19189,0.46601,0.24671,0.12336,0.23986
0.24671,0.44545,0.39063,0.4386,0.56195,0.69901,0.94572,1.2952,1.6036,1.213,1.3501,1.4186,1.2678,1.6173,0.79496,0.45916,0.38377,0.46601,0.28098,0.28098,0.233
0.27412,0.19874,0.50713,0.67845,0.67845,0.78125,0.96628,1.4186,1.5694,1.1171,1.2336,1.5214,1.5282,1.4803,0.93887,0.31524,0.28783,0.26042,0.20559,0.30154,0.27412
0.39748,0.27412,0.32895,0.30839,0.64419,0.97314,1.1308,1.5694,1.261,1.1582,1.3295,1.2678,1.261,2.1107,1.0485,0.32209,0.31524,0.19874,0.35636,0.10965,0.233
0.31524,0.34265,0.36321,0.50713,0.38377,0.80866,1.2815,1.6721,1.3706,1.4254,0.97999,1.3226,1.5282,1.8092,0.63048,0.47286,0.23986,0.19874,0.20559,0.22615,0.10965
0.43174,0.50713,0.36321,0.32895,0.34951,0.91146,1.3775,1.3501,1.4049,1.4117,0.9937,1.5694,1.2678,1.9942,0.74013,0.34265,0.28783,0.10965,0.29468,0.30154,0.15762
0.40433,0.35636,0.32209,0.51398,0.3358,1.2061,1.1308,1.3158,1.2198,1.494,1.0211,1.3912,1.727,2.3917,0.5551,0.32209,0.34951,0.23986,0.2193,0.17133,0.26727
0.22615,0.30154,0.34951,0.40433,0.61678,1.2267,1.4597,1.1856,1.3295,1.446,1.1102,1.8777,1.6653,2.0833,0.7881,0.27412,0.23986,0.22615,0.13021,0.34951,0.26042
0.2193,0.26727,0.35636,0.28098,0.52083,0.84978,1.4254,1.3021,1.2336,1.2473,1.5008,1.7475,1.4597,2.0354,0.76069,0.30154,0.28783,0.32895,0.26727,0.25356,0.28783
0.16447,0.40433,0.2193,0.29468,0.63734,0.87719,1.3638,1.2884,1.5145,1.1856,1.2404,1.4666,1.3501,1.8709,0.69901,0.39748,0.17818,0.23986,0.18503,0.17818,0.17133
0.28783,0.30154,0.16447,0.48657,0.66475,0.78125,1.8298,1.2061,1.5625,1.1239,1.2952,1.3363,1.261,1.9668,0.41118,0.27412,0.22615,0.21245,0.18503,0.22615,0.23986
0.26042,0.41118,0.26727,0.44545,0.4523,0.80181,1.4186,1.5077,1.2473,1.2198,1.4186,1.7955,1.3843,2.241,0.62363,0.41118,0.50027,0.41118,0.2193,0.19189,0.20559
0.29468,0.26042,0.32209,0.32209,0.41118,1.1582,1.4734,1.6036,1.4049,0.98684,1.3569,1.9189,1.7407,2.2615,0.42489,0.3358,0.19189,0.26727,0.21245,0.25356,0.34951
0.30839,0.38377,0.31524,0.28783,0.48657,0.75384,1.5762,1.3295,1.2404,1.5214,1.6584,1.6653,1.8572,2.3643,0.50027,0.39063,0.30839,0.43174,0.21245,0.1028,0.43174
0.19874,0.31524,0.36321,0.37692,0.35636,1.0828,1.446,1.3226,1.0828,1.3158,1.5077,1.5762,1.5556,2.1519,0.69216,0.32895,0.18503,0.45916,0.27412,0.16447,0.17133
0.19874,0.4523,0.52769,0.31524,0.53454,0.89775,1.3638,1.4734,1.5831,1.2815,1.3706,1.4117,1.8709,1.6036,0.37692,0.21245,0.095943,0.40433,0.2193,0.22615,0.18503
0.15762,0.32209,0.34951,0.25356,0.35636,0.95258,1.6242,1.5694,1.6721,1.3706,1.5282,1.4597,1.8092,1.7749,0.50027,0.32895,0.26042,0.36321,0.28783,0.20559,0.16447
0.28098,0.25356,0.30154,0.19189,0.37007,0.76754,1.3912,1.2541,1.446,1.5282,1.4391,1.6242,1.7338,1.96,0.58936,0.2193,0.20559,0.3358,0.20559,0.22615,0.32209
0.2193,0.16447,0.34265,0.3358,0.49342,0.72643,1.3089,1.2678,1.398,1.7064,1.2884,1.7201,1.8435,1.8846,0.59622,0.18503,0.18503,0.28783,0.26042,0.24671,0.25356
0.21245,0.27412,0.34951,0.32895,0.50713,0.71957,2.0217,1.4186,1.5762,1.5968,1.1787,1.6105,1.679,1.5899,0.66475,0.26727,0.34265,0.24671,0.19874,0.26727,0.26727
0.30839,0.30154,0.25356,0.4523,0.38377,0.82237,1.8709,1.5488,1.6447,1.5762,1.3089,1.7338,1.6242,1.5831,0.60307,0.31524,0.24671,0.31524,0.17818,0.2193,0.20559
0.36321,0.32895,0.26727,0.34951,0.4523,0.94572,1.2747,1.8503,1.4323,1.9257,1.5214,1.6996,2.1107,1.7407,0.38377,0.28783,0.19189,0.3358,0.28783,0.20559,0.30154
0.19874,0.233,0.38377,0.31524,0.3358,0.82237,1.261,1.7887,1.6242,2.0765,1.6927,1.6584,2.7755,1.9052,0.39748,0.35636,0.28098,0.28098,0.20559,0.13021,0.37692
0.17818,0.17133,0.19874,0.37007,0.34265,0.45916,1.2404,2.1107,1.679,1.6584,1.3501,1.5831,2.1107,2.1793,0.46601,0.38377,0.26042,0.27412,0.25356,0.18503,0.23986
0.17818,0.17133,0.31524,0.40433,0.53454,0.51398,1.1239,2.3438,1.8298,2.0285,1.5419,1.6721,2.1107,1.6927,0.40433,0.31524,0.34265,0.31524,0.19189,0.28098,0.25356
0.21245,0.12336,0.19189,0.30154,0.42489,0.5688,1.3501,1.8914,1.7201,2.4877,1.6927,1.8161,2.1793,1.3295,0.43174,0.23986,0.22615,0.32895,0.22615,0.075384,0.30154
0.18503,0.1028,0.31524,0.41804,0.50027,0.6716,1.0348,2.1313,1.7133,1.6927,1.6242,1.9052,2.4945,1.3089,0.32209,0.29468,0.28098,0.3358,0.27412,0.068531,0.35636
0.15762,0.25356,0.34265,0.32209,0.29468,0.70587,1.1719,2.0354,1.7681,1.9668,2.1998,2.3232,2.9879,1.4391,0.3358,0.30154,0.233,0.27412,0.18503,0.25356,0.21245
0.27412,0.19189,0.49342,0.45916,0.34951,0.50027,1.3569,1.7064,2.1176,2.0285,2.241,1.7133,2.7412,1.3638,0.37007,0.34265,0.31524,0.40433,0.21245,0.21245,0.23986
0.27412,0.17818,0.31524,0.34951,0.46601,0.69901,1.2541,2.1313,1.8298,1.6242,1.8298,1.912,2.6179,1.1308,0.45916,0.35636,0.52769,0.39063,0.37692,0.17818,0.16447
0.2193,0.12336,0.32209,0.23986,0.3358,0.62363,1.1787,1.9052,1.8435,1.912,1.8024,1.8914,2.9742,1.3158,0.37692,0.26042,0.28783,0.15762,0.13706,0.28783,0.17818
0.22615,0.25356,0.36321,0.32895,0.39748,0.5688,1.1993,1.8503,1.6721,1.9189,1.679,1.7133,2.4877,1.1513,0.23986,0.24671,0.34265,0.18503,0.24671,0.20559,0.22615
0.1165,0.17818,0.24671,0.34265,0.36321,0.56195,1.1102,2.2684,2.0696,1.8572,1.7887,1.7681,2.5151,1.1445,0.46601,0.29468,0.21245,0.21245,0.23986,0.20559,0.30154
0.22615,0.26727,0.32895,0.29468,0.32209,0.50027,1.1102,2.4671,2.0696,1.7407,1.7818,2.1039,2.4328,1.1102,0.50027,0.16447,0.28098,0.2193,0.23986,0.27412,0.28098
0.26042,0.27412,0.35636,0.30839,0.26042,0.53454,1.2198,2.4671,1.7955,2.0011,1.7064,2.1861,2.563,0.93202,0.47286,0.28098,0.21245,0.14391,0.20559,0.22615,0.27412
0.17818,0.28783,0.30154,0.39063,0.27412,0.47286,0.98684,2.7823,1.8572,2.1107,1.8229,2.426,2.8098,0.97314,0.43174,0.41118,0.2193,0.29468,0.30154,0.22615,0.19874
0.3358,0.233,0.32209,0.26727,0.19189,0.26727,1.1445,2.611,1.8846,1.9463,1.96,2.0422,3.0633,1.1171,0.54825,0.32895,0.32895,0.24671,0.13021,0.233,0.16447
0.21245,0.30839,0.34265,0.32209,0.23986,0.69216,1.2198,2.0559,2.0559,1.864,2.1107,2.2547,3.0291,0.96628,0.44545,0.3358,0.29468,0.17818,0.26042,0.28783,0.10965
0.26727,0.17818,0.37692,0.32895,0.37007,0.36321,0.97999,2.3438,1.9531,1.6721,2.0765,2.2889,3.3854,0.78125,0.30839,0.37692,0.22615,0.26042,0.26042,0.15762,0.12336
0.32895,0.21245,0.32895,0.28783,0.44545,0.64419,1.1033,2.4603,1.8092,1.9052,2.2958,2.5493,2.7001,1.0417,0.3358,0.30154,0.32209,0.32209,0.29468,0.22615,0.17133
0.22615,0.26042,0.19874,0.26727,0.36321,0.59622,1.1171,2.378,2.0696,1.9668,1.7749,2.3643,2.8509,0.81552,0.52083,0.37007,0.46601,0.36321,0.12336,0.15077,0.20559
0.23986,0.34951,0.32209,0.32209,0.29468,0.32209,0.82237,2.844,1.7681,1.9874,1.96,1.9942,2.9194,0.93887,0.50713,0.28783,0.34951,0.40433,0.21245,0.18503,0.22615
0.2193,0.3358,0.32895,0.41804,0.27412,0.46601,0.95258,2.8646,2.1039,1.8092,2.0422,2.2272,3.4471,0.84293,0.41804,0.38377,0.30839,0.15762,0.24671,0.30839,0.34265
0.21245,0.30839,0.29468,0.47971,0.34265,0.54139,0.82237,2.6727,2.0765,2.426,2.1724,2.4671,3.3032,0.38377,0.4386,0.3358,0.23986,0.26042,0.15077,0.26042,0.24671
0.26042,0.2193,0.21245,0.31524,0.28098,0.41804,0.80866,2.2684,2.7549,2.1107,1.9531,2.3986,3.0359,0.7881,0.42489,0.38377,0.17133,0.26042,0.19189,0.21245,0.23986
0.22615,0.4523,0.233,0.49342,0.28098,0.47971,0.80866,2.0354,2.659,2.1724,2.1519,2.2821,2.892,0.76069,0.37692,0.38377,0.21245,0.24671,0.16447,0.19189,0.15762
0.21245,0.29468,0.21245,0.28783,0.37692,0.44545,0.92516,2.3095,2.1313,2.4191,2.3026,2.6521,3.1524,0.84978,0.26042,0.2193,0.14391,0.20559,0.17818,0.26042,0.17133
0.21245,0.30154,0.28098,0.29468,0.48657,0.54139,0.81552,2.8029,2.2135,2.5082,2.0696,2.9879,3.2209,0.90461,0.37692,0.26727,0.27412,0.21245,0.18503,0.20559,0.15077
0.24671,0.26727,0.233,0.25356,0.47286,0.28783,0.71272,2.4054,2.5151,2.6042,2.4534,3.2895,3.1661,0.73328,0.34951,0.21245,0.233,0.26727,0.21245,0.31524,0.28783
0.26727,0.16447,0.30154,0.27412,0.34951,0.5551,0.6716,2.33,2.7823,2.5768,2.474,3.5704,2.7686,0.82237,0.34265,0.26727,0.13021,0.25356,0.18503,0.26042,0.25356
0.29468,0.2193,0.26727,0.31524,0.31524,0.54139,0.56195,2.5973,2.7618,2.3095,2.4877,3.0976,2.3917,0.70587,0.30839,0.31524,0.27412,0.34265,0.28098,0.22615,0.17133
0.32209,0.25356,0.30839,0.28783,0.25356,0.45916,0.6716,2.4123,3.0565,1.9052,2.8166,3.5019,2.2547,0.5551,0.54139,0.29468,0.38377,0.26042,0.19189,0.31524,0.20559
0.18503,0.28098,0.13706,0.29468,0.35636,0.32209,0.74013,2.1998,3.1113,2.3438,2.4877,3.5842,2.7001,0.57566,0.4386,0.17133,0.19189,0.31524,0.19189,0.20559,0.16447
0.28783,0.32895,0.26727,0.47286,0.27412,0.39748,0.5688,2.0079,3.2346,2.5768,2.6042,3.824,2.3917,0.4523,0.30839,0.2193,0.26727,0.28783,0.25356,0.28098,0.24671
0.30839,0.15077,0.17133,0.26727,0.40433,0.64419,0.48657,2.0833,2.9948,2.8098,2.6658,3.7829,2.3986,0.69901,0.37007,0.30839,0.3358,0.22615,0.22615,0.19874,0.17133
0.37692,0.25356,0.28783,0.34951,0.24671,0.233,0.6716,2.3712,2.9605,2.7549,2.5288,3.6664,1.6859,0.57566,0.54825,0.42489,0.24671,0.20559,0.2193,0.17133,0.32895
0.28783,0.37007,0.29468,0.38377,0.28783,0.5551,0.66475,2.0696,2.8098,2.6521,2.7686,3.8514,1.912,0.68531,0.40433,0.37692,0.37007,0.2193,0.30839,0.233,0.2193
0.14391,0.31524,0.41118,0.22615,0.31524,0.37692,0.79496,2.0902,3.2826,2.5493,2.4603,3.7623,2.0079,0.58251,0.47286,0.27412,0.28098,0.37007,0.24671,0.20559,0.19189
0.21245,0.35636,0.43174,0.35636,0.44545,0.26727,0.73328,2.4191,3.3306,2.9331,2.2272,3.6527,1.6653,0.63048,0.48657,0.30154,0.23986,0.2193,0.29468,0.13021,0.12336
0.17133,0.30839,0.22615,0.34265,0.37692,0.38377,0.69216,1.8503,3.3854,2.9468,2.3712,4.0365,1.7407,0.63048,0.37007,0.26042,0.18503,0.18503,0.26727,0.13706,0.16447
0.25356,0.34951,0.26727,0.32895,0.36321,0.43174,0.72643,1.8709,3.0496,3.2072,2.9605,4.1393,1.4803,0.52769,0.39063,0.16447,0.24671,0.17133,0.15762,0.20559,0.36321
0.30839,0.22615,0.37007,0.38377,0.47286,0.44545,0.56195,1.912,3.5704,3.1867,3.2004,4.7355,1.5831,0.71272,0.48657,0.32209,0.29468,0.233,0.30839,0.23986,0.30154
0.29468,0.15762,0.25356,0.36321,0.4523,0.54825,0.62363,1.679,2.9126,3.0154,2.7344,4.9068,1.5282,0.52769,0.29468,0.22615,0.39063,0.30839,0.26727,0.18503,0.233
0.23986,0.19189,0.3358,0.233,0.26042,0.52769,0.80181,1.4529,2.8783,3.125,3.2141,4.4613,1.5968,0.53454,0.48657,0.29468,0.30154,0.24671,0.2193,0.17818,0.22615
0.233,0.24671,0.49342,0.37007,0.34951,0.49342,0.76754,1.3021,3.3786,3.4197,3.5225,4.338,1.4666,0.54825,0.4523,0.34951,0.39748,0.233,0.17818,0.18503,0.10965
0.34265,0.22615,0.16447,0.24671,0.29468,0.36321,0.7744,1.2473,3.5704,3.5499,3.406,4.8451,1.6173,0.58936,0.52769,0.29468,0.35636,0.31524,0.14391,0.22615,0.12336
0.32209,0.30839,0.3358,0.34265,0.20559,0.30839,0.80181,1.3295,3.5842,3.8651,3.7349,4.7697,1.4049,0.56195,0.39063,0.4386,0.31524,0.35636,0.2193,0.14391,0.082237
0.20559,0.37692,0.28098,0.39748,0.30154,0.65104,0.74698,1.6173,3.6801,3.4265,3.8994,4.4134,1.398,0.58251,0.48657,0.32209,0.17818,0.25356,0.15077,0.17818,0.14391
0.28098,0.37007,0.24671,0.39748,0.4523,0.50713,0.92516,1.2336,3.6321,4.1667,3.5773,4.5641,1.2952,0.65789,0.39063,0.18503,0.26727,0.24671,0.18503,0.26727,0.1028
0.26042,0.36321,0.19189,0.32895,0.44545,0.34951,0.78125,1.4666,3.3443,4.804,3.9474,4.7492,1.3501,0.56195,0.44545,0.34265,0.17818,0.34951,0.15762,0.25356,0.082237
0.30839,0.17133,0.34951,0.30154,0.40433,0.64419,0.65789,1.4254,3.5773,4.2489,3.7144,4.9548,1.2747,0.52083,0.29468,0.35636,0.28098,0.30154,0.41118,0.26727,0.21245
0.18503,0.28098,0.51398,0.28098,0.35636,0.60992,0.76069,1.3295,2.9948,5.4345,3.9679,4.7492,1.3501,0.87719,0.48657,0.29468,0.16447,0.28783,0.34951,0.34951,0.18503
0.28098,0.30839,0.48657,0.32209,0.42489,0.46601,0.46601,1.3295,3.3443,4.5299,3.824,4.7081,1.2061,0.71272,0.40433,0.36321,0.42489,0.28098,0.23986,0.19189,0.26042
0.22615,0.2193,0.233,0.29468,0.35636,0.26042,0.58251,1.1171,3.687,4.571,4.2009,4.1393,1.1033,0.53454,0.52083,0.31524,0.18503,0.28783,0.25356,0.26727,0.082237
0.19874,0.233,0.26042,0.28783,0.44545,0.37007,0.65104,1.0622,3.358,5.4276,4.6258,4.009,0.98684,0.67845,0.49342,0.37692,0.30154,0.25356,0.2193,0.18503,0.08909
0.21245,0.31524,0.233,0.24671,0.30154,0.47286,0.60307,1.261,3.2621,5.0027,4.1255,4.4065,0.91831,0.58936,0.39748,0.27412,0.29468,0.31524,0.17133,0.17133,0.18503
0.26727,0.29468,0.28098,0.28098,0.38377,0.47971,0.80866,1.3158,3.2141,4.6532,4.5162,4.4613,0.97999,0.57566,0.39748,0.44545,0.29468,0.19874,0.233,0.15077,0.22615
0.26042,0.10965,0.15077,0.28098,0.54139,0.38377,0.61678,0.87034,3.4814,4.8109,5.0713,3.9542,0.74013,0.59622,0.3358,0.36321,0.16447,0.15762,0.19874,0.26727,0.20559
0.27412,0.15762,0.29468,0.25356,0.34951,0.61678,0.52769,1.0622,2.9194,5.27,4.9479,3.5704,0.96628,0.51398,0.22615,0.34265,0.30839,0.26727,0.27412,0.26042,0.27412
0.37007,0.19874,0.28783,0.233,0.23986,0.35636,0.52083,1.0211,2.8714,4.8246,5.222,3.5293,0.7744,0.51398,0.19874,0.23986,0.36321,0.233,0.15077,0.13021,0.16447
0.1028,0.30154,0.27412,0.2193,0.26727,0.35636,0.57566,1.0005,3.1456,5.5784,4.4065,3.9953,0.8909,0.45916,0.37692,0.25356,0.27412,0.31524,0.19189,0.30154,0.38377
0.21245,0.30839,0.25356,0.4386,0.44545,0.39748,0.5551,1.0005,2.6796,5.4345,4.7423,3.9611,0.79496,0.52769,0.35636,0.233,0.39063,0.10965,0.15762,0.27412,0.13021
0.20559,0.26042,0.32895,0.39063,0.4386,0.47286,0.78125,1.1787,3.0839,5.2906,5.1329,3.4471,0.71957,0.39063,0.58936,0.22615,0.34951,0.20559,0.20559,0.13706,0.15762
0.16447,0.3358,0.34265,0.39063,0.28783,0.39748,0.88405,0.97314,3.0976,4.7149,6.0855,3.1524,0.68531,0.54825,0.45916,0.36321,0.34951,0.28783,0.26042,0.28098,0.15762
0.13021,0.30154,0.2193,0.41804,0.47971,0.71272,0.5551,0.96628,2.5082,4.9137,4.619,2.9468,0.60307,0.5688,0.32895,0.47286,0.28098,0.31524,0.22615,0.20559,0.14391
0.18503,0.30154,0.2193,0.2193,0.37692,0.5551,0.63048,0.94572,2.4123,5.2289,5.318,3.2895,0.57566,0.51398,0.34265,0.38377,0.22615,0.22615,0.28783,0.095943,0.075384
0.23986,0.4523,0.32209,0.52083,0.5688,0.45916,0.65789,0.79496,2.3917,4.9205,5.503,3.1661,0.58936,0.40433,0.47286,0.42489,0.29468,0.30839,0.28783,0.30154,0.18503
0.095943,0.40433,0.3358,0.36321,0.61678,0.37007,0.74698,0.80866,2.7686,4.9274,5.3317,3.0428,0.56195,0.49342,0.47286,0.36321,0.43174,0.26727,0.2193,0.16447,0.23986
0.19189,0.27412,0.28098,0.25356,0.38377,0.4386,0.58936,0.51398,2.4465,5.0233,5.6743,2.2341,0.71272,0.52769,0.30839,0.3358,0.30839,0.25356,0.31524,0.16447,0.29468
0.34951,0.20559,0.30154,0.39748,0.39063,0.50713,0.46601,0.93202,1.8846,5.1261,5.1467,2.2341,0.83607,0.41118,0.32209,0.52083,0.30839,0.233,0.2193,0.22615,0.18503
0.27412,0.15762,0.29468,0.28783,0.32209,0.39748,0.5688,0.93887,1.6927,5.2289,4.8451,2.563,0.81552,0.41118,0.2193,0.32209,0.23986,0.26727,0.27412,0.13021,0.075384
0.17818,0.19189,0.20559,0.21245,0.40433,0.54825,0.52083,0.93887,2.1245,4.9205,5.0576,2.5356,0.74013,0.40433,0.35636,0.39063,0.30154,0.4386,0.25356,0.17133,0.1028
0.19874,0.25356,0.29468,0.37692,0.31524,0.5551,0.41118,0.87719,1.4117,4.7218,4.9205,2.0285,0.6716,0.45916,0.44545,0.37692,0.26042,0.30154,0.32895,0.1028,0.21245
0.233,0.19189,0.27412,0.38377,0.44545,0.4386,0.64419,0.94572,1.3295,4.5504,5.0713,2.0354,0.63734,0.34265,0.39063,0.48657,0.46601,0.26042,0.15077,0.20559,0.18503
0.16447,0.32209,0.31524,0.36321,0.5551,0.4523,0.63734,0.65789,1.2473,4.153,5.4825,2.0285,0.79496,0.34265,0.43174,0.3358,0.28783,0.38377,0.19874,0.233,0.17818
0.24671,0.20559,0.43174,0.17133,0.40433,0.64419,0.57566,0.74698,1.7407,4.5367,5.736,1.9394,0.73328,0.38377,0.42489,0.3358,0.38377,0.3358,0.17818,0.13021,0.2193
0.29468,0.16447,0.24671,0.30839,0.23986,0.50713,0.74698,0.64419,1.5351,4.6738,5.1809,1.864,0.64419,0.47971,0.30154,0.29468,0.29468,0.22615,0.19189,0.21245,0.20559
0.23986,0.17818,0.38377,0.31524,0.31524,0.54825,0.41118,0.59622,1.8572,4.6464,4.7903,1.9326,0.80866,0.39748,0.34265,0.39063,0.17818,0.3358,0.26727,0.19189,0.21245
0.29468,0.21245,0.19189,0.34265,0.34265,0.35636,0.75384,0.82922,1.6036,4.0707,4.6464,1.6447,0.61678,0.41804,0.3358,0.51398,0.28098,0.22615,0.1028,0.18503,0.22615
0.21245,0.27412,0.19189,0.233,0.41804,0.45916,0.53454,0.65104,1.3638,4.2489,5.4482,1.727,0.69216,0.44545,0.31524,0.45916,0.2193,0.27412,0.12336,0.30839,0.095943
0.28783,0.40433,0.3358,0.15077,0.27412,0.37692,0.70587,0.72643,1.0759,4.3448,4.8725,1.5831,0.51398,0.46601,0.28098,0.3358,0.3358,0.26727,0.37007,0.23986,0.19874
0.29468,0.29468,0.24671,0.24671,0.36321,0.47971,0.80181,0.75384,1.2541,4.4545,4.619,1.213,0.5688,0.52769,0.19189,0.41804,0.35636,0.16447,0.233,0.28783,0.16447
0.17133,0.25356,0.31524,0.25356,0.52769,0.43174,0.74013,0.88405,0.9937,3.7486,5.1398,1.3363,0.75384,0.38377,0.34265,0.37007,0.25356,0.22615,0.3358,0.19874,0.2193
0.18503,0.32895,0.35636,0.48657,0.37007,0.69901,0.76754,0.74013,1.0896,4.3243,4.7286,1.2404,0.58251,0.40433,0.50713,0.2193,0.233,0.2193,0.2193,0.18503,0.29468
0.20559,0.25356,0.31524,0.36321,0.46601,0.46601,0.76069,0.88405,1.1719,3.8925,4.009,1.6859,0.50713,0.47286,0.28098,0.28098,0.13021,0.34265,0.28098,0.19874,0.233
0.32209,0.24671,0.39063,0.39748,0.4523,0.60992,0.5551,0.63734,1.2404,3.5225,4.0913,1.2336,0.68531,0.32895,0.46601,0.24671,0.095943,0.2193,0.30839,0.22615,0.21245
0.27412,0.2193,0.39063,0.38377,0.37007,0.43174,0.67845,0.90461,1.1582,3.6321,4.5299,1.2747,0.61678,0.34265,0.47286,0.41804,0.27412,0.25356,0.37692,0.24671,0.17133
0.16447,0.233,0.29468,0.37692,0.35636,0.66475,0.52083,0.69901,1.0074,3.6801,4.7218,1.1033,0.60992,0.39748,0.41118,0.41118,0.37692,0.30154,0.233,0.19189,0.19189
0.30839,0.15762,0.23986,0.31524,0.32209,0.45916,0.50713,0.6716,1.1719,3.3854,4.5093,0.82237,0.69901,0.32895,0.26727,0.3358,0.46601,0.18503,0.23986,0.17818,0.18503
0.22615,0.28783,0.26042,0.3358,0.43174,0.60992,0.51398,0.78125,1.0348,3.7555,4.6669,0.94572,0.62363,0.52769,0.48657,0.42489,0.233,0.2193,0.32895,0.15077,0.233
0.31524,0.2193,0.20559,0.35636,0.48657,0.48657,0.64419,0.63734,1.1513,3.8651,4.1118,1.1513,0.80181,0.51398,0.4523,0.30839,0.34265,0.22615,0.24671,0.2193,0.19874
0.18503,0.26727,0.30839,0.28783,0.28098,0.50713,0.64419,0.66475,1.1513,3.0702,4.0433,1.0965,0.49342,0.38377,0.48657,0.23986,0.37007,0.17818,0.21245,0.12336,0.22615
0.20559,0.16447,0.34265,0.28783,0.48657,0.39748,0.60992,0.52083,1.0143,3.7966,4.3997,1.2473,0.63048,0.39748,0.5551,0.35636,0.34265,0.1028,0.24671,0.20559,0.2193
0.233,0.17818,0.39063,0.28098,0.44545,0.47286,0.5551,0.39748,1.0691,3.7007,4.0296,1.0143,0.5688,0.60992,0.35636,0.30839,0.36321,0.26042,0.21245,0.32209,0.15762
0.20559,0.4386,0.29468,0.30839,0.39748,0.42489,0.83607,0.79496,0.87034,3.0359,3.9131,1.1719,0.70587,0.63048,0.31524,0.35636,0.27412,0.22615,0.24671,0.233,0.15762
0.233,0.15077,0.20559,0.37692,0.63734,0.39063,0.73328,0.79496,0.85663,3.1181,5.1672,1.2404,0.80181,0.91831,0.35636,0.21245,0.30154,0.13021,0.13706,0.13021,0.1028
0.19874,0.30154,0.26727,0.28783,0.41804,0.5688,0.37007,0.69901,0.91146,3.0016,4.523,1.3363,0.63734,0.72643,0.5688,0.26727,0.32209,0.24671,0.28098,0.21245,0.17818
0.22615,0.32895,0.34951,0.32895,0.37692,0.64419,0.41804,0.47286,1.1308,3.2895,4.2969,0.89775,0.5551,0.60992,0.27412,0.30154,0.39748,0.30839,0.2193,0.23986,0.1165
0.233,0.16447,0.29468,0.35636,0.45916,0.40433,0.53454,0.52083,0.93887,3.2072,4.6738,1.3295,0.60992,0.5551,0.37007,0.37007,0.32895,0.41118,0.32209,0.2193,0.16447
0.32209,0.30839,0.44545,0.22615,0.34951,0.45916,0.67845,0.68531,0.81552,3.4128,4.6327,1.3638,0.58251,0.72643,0.30154,0.66475,0.34951,0.35636,0.21245,0.32895,0.233
0.233,0.26042,0.44545,0.32895,0.43174,0.34951,0.68531,0.93887,1.0417,3.2415,4.4476,1.2884,0.50027,0.82237,0.41118,0.43174,0.17818,0.30154,0.18503,0.18503,0.12336
0.32209,0.25356,0.26042,0.4386,0.52769,0.43174,0.69901,0.80866,0.72643,2.9811,4.8794,0.9937,0.5688,0.49342,0.32895,0.34265,0.47971,0.3358,0.15077,0.17133,0.22615
0.24671,0.32209,0.26042,0.41118,0.32209,0.53454,0.57566,0.97314,1.0965,3.0359,4.6875,1.165,0.60992,0.44545,0.47971,0.32209,0.30839,0.31524,0.19189,0.14391,0.23986
0.32895,0.29468,0.26042,0.48657,0.32209,0.57566,0.74013,0.56195,1.1239,2.9879,4.6327,1.3089,0.63048,0.51398,0.25356,0.30839,0.32895,0.41118,0.13706,0.18503,0.26042
0.23986,0.32895,0.16447,0.47971,0.37007,0.53454,0.6716,0.64419,0.81552,3.7281,4.8383,1.4323,0.63734,0.39063,0.39748,0.32895,0.27412,0.21245,0.29468,0.20559,0.19874
0.38377,0.25356,0.26727,0.34265,0.50027,0.45916,0.69216,0.73328,0.82922,3.7075,5.7634,1.3775,0.67845,0.39748,0.65789,0.30839,0.29468,0.19189,0.26042,0.25356,0.28783
0.22615,0.34265,0.35636,0.49342,0.41804,0.54139,0.43174,0.70587,0.78125,4.0159,5.9073,1.7201,0.76069,0.46601,0.4523,0.32895,0.37007,0.30839,0.32209,0.23986,0.21245
0.36321,0.24671,0.26042,0.26042,0.23986,0.48657,0.58251,0.60307,0.88405,3.872,5.1329,1.6173,0.63734,0.68531,0.58936,0.41118,0.44545,0.41118,0.21245,0.23986,0.19874
0.28098,0.24671,0.31524,0.45916,0.34265,0.4386,0.6716,0.52769,0.87034,3.8103,5.4276,1.2815,0.80181,0.59622,0.41804,0.45916,0.26727,0.17133,0.233,0.19874,0.23986
0.14391,0.31524,0.24671,0.28098,0.71957,0.50027,0.54139,0.62363,0.97999,3.8925,5.6127,1.7681,0.6716,0.42489,0.52769,0.66475,0.17818,0.26727,0.26727,0.14391,0.25356
0.37692,0.42489,0.41804,0.37692,0.53454,0.68531,0.79496,0.91831,0.97999,3.9816,5.6195,1.6105,0.62363,0.39748,0.63734,0.41118,0.2193,0.30154,0.16447,0.17133,0.19874
0.37692,0.21245,0.26042,0.22615,0.38377,0.52083,0.80866,0.98684,1.0828,4.804,6.6338,2.2958,0.63048,0.56195,0.60307,0.48657,0.30154,0.31524,0.21245,0.22615,0.18503
0.25356,0.3358,0.29468,0.29468,0.44545,0.66475,0.66475,0.6716,1.1102,5.1741,6.4899,2.3369,0.60307,0.54825,0.41804,0.35636,0.3358,0.34265,0.30154,0.12336,0.17818
0.22615,0.20559,0.26042,0.3358,0.43174,0.52769,0.87034,0.73328,1.0828,5.1398,6.1678,2.0217,0.79496,0.61678,0.47286,0.23986,0.25356,0.39063,0.27412,0.22615,0.13021
0.19874,0.39063,0.23986,0.34265,0.37007,0.50713,0.53454,0.94572,1.5214,5.7634,7.7029,1.9737,0.91831,0.5688,0.47971,0.53454,0.32895,0.36321,0.21245,0.075384,0.23986
0.21245,0.39748,0.16447,0.20559,0.48657,0.43174,0.82237,0.93202,1.2404,6.668,7.5452,2.193,0.7744,0.62363,0.37692,0.32895,0.32209,0.233,0.13706,0.15077,0.14391
0.15077,0.3358,0.40433,0.32209,0.28098,0.48657,0.78125,0.82922,1.6379,6.1609,8.5389,2.611,0.79496,0.69216,0.36321,0.35636,0.30839,0.34951,0.28098,0.12336,0.23986
0.15762,0.3358,0.30154,0.35636,0.58936,0.5688,0.53454,0.87719,1.3912,7.1889,7.7303,3.0565,0.90461,0.70587,0.41118,0.29468,0.32209,0.24671,0.15077,0.1165,0.26042
0.19189,0.233,0.39748,0.4523,0.54825,0.48657,0.66475,0.93887,1.5831,7.9221,8.5458,3.0565,0.86349,0.65104,0.41118,0.45916,0.27412,0.25356,0.21245,0.2193,0.233
0.24671,0.28783,0.26727,0.58251,0.48657,0.49342,0.7881,0.97999,1.7681,8.347,8.6075,2.9742,0.83607,0.50027,0.57566,0.37007,0.46601,0.29468,0.34951,0.15762,0.233
0.28098,0.28783,0.41118,0.32895,0.31524,0.50027,0.58251,0.7744,1.3638,8.2579,9.3544,3.3649,0.91146,0.50713,0.41118,0.29468,0.34265,0.24671,0.30839,0.19874,0.20559
0.20559,0.21245,0.17133,0.20559,0.54825,0.49342,0.67845,0.82237,1.5762,7.5658,10.519,4.1393,0.95258,0.4386,0.52769,0.28783,0.25356,0.19874,0.34265,0.15077,0.10965
0.17818,0.2193,0.45916,0.4523,0.38377,0.37007,0.47286,0.82922,1.4871,8.0455,10.999,4.3448,0.7881,0.68531,0.43174,0.51398,0.21245,0.233,0.1165,0.26727,0.2193
0.25356,0.3358,0.34265,0.34265,0.40433,0.59622,0.59622,0.90461,1.6242,8.5389,11.232,3.8583,1.1171,0.53454,0.54825,0.26727,0.22615,0.30154,0.23986,0.14391,0.28098
0.32895,0.28098,0.34951,0.39063,0.49342,0.68531,0.84978,0.91831,1.9668,10.225,10.931,4.4613,0.98684,0.66475,0.49342,0.34265,0.42489,0.2193,0.19874,0.20559,0.20559
0.041118,0.50027,0.32209,0.34951,0.45916,0.4386,0.93202,0.96628,2.426,9.7314,11.157,4.3037,1.1376,0.61678,0.34951,0.38377,0.4386,0.13021,0.25356,0.15762,0.15077
0.18503,0.17133,0.32895,0.47286,0.32209,0.60307,0.87034,0.97999,2.1861,10.341,11.129,5.1467,1.2404,0.65104,0.41804,0.48657,0.26727,0.233,0.29468,0.15077,0.19874
0.28783,0.19189,0.53454,0.49342,0.45916,0.64419,0.52769,0.8909,2.378,9.7382,11.369,5.5441,1.1787,0.74013,0.4523,0.37007,0.32895,0.37007,0.3358,0.27412,0.28783
0.21245,0.39063,0.47286,0.34265,0.4523,0.61678,0.60992,0.91831,3.0291,12.109,12.061,5.9485,1.4871,0.78125,0.63734,0.28783,0.19874,0.41118,0.48657,0.28783,0.18503
0.22615,0.23986,0.31524,0.39063,0.34951,0.62363,0.76069,1.1376,2.6384,11.006,11.561,6.8942,1.4666,0.54139,0.66475,0.37007,0.24671,0.32209,0.32209,0.233,0.233
0.24671,0.233,0.28783,0.34951,0.47971,0.58251,0.68531,0.95943,2.4465,11.65,10.842,7.4493,1.5351,0.65104,0.56195,0.46601,0.31524,0.25356,0.19189,0.24671,0.19189
0.25356,0.29468,0.26042,0.28783,0.53454,0.54139,0.58251,1.4186,2.426,10.547,11.054,8.3265,1.5419,0.82922,0.61678,0.4386,0.29468,0.45916,0.26042,0.27412,0.26042
0.23986,0.3358,0.39063,0.41118,0.31524,0.54825,0.98684,1.4529,3.6184,11.027,10.238,7.6549,1.5899,0.79496,0.41118,0.29468,0.28783,0.34951,0.13021,0.34951,0.23986
0.32895,0.30154,0.30839,0.3358,0.47286,0.58251,0.82237,1.0691,3.1593,11.212,10.876,7.5178,1.4734,1.0348,0.44545,0.47971,0.28098,0.3358,0.26727,0.3358,0.12336
0.29468,0.28098,0.39063,0.37692,0.40433,0.43174,0.91146,1.213,3.8651,10.17,9.7725,8.5321,1.6653,0.91146,0.54139,0.59622,0.3358,0.36321,0.31524,0.17133,0.18503
0.25356,0.30154,0.47971,0.39063,0.28098,0.58251,0.74698,1.0759,3.9542,10.821,10.129,9.56,2.0217,0.93202,0.52769,0.32895,0.32895,0.31524,0.27412,0.21245,0.26727
0.17133,0.21245,0.47286,0.5551,0.50713,0.5688,0.65789,1.1033,4.6395,10.389,9.0255,9.8136,2.0902,1.1719,0.71957,0.5551,0.46601,0.26042,0.26727,0.21245,0.15077
0.26042,0.32895,0.39063,0.46601,0.41804,0.66475,0.7744,1.4734,4.9753,10.156,8.0318,9.5874,2.3643,0.90461,0.68531,0.39748,0.42489,0.2193,0.25356,0.25356,0.1028
0.15762,0.30154,0.30839,0.46601,0.3358,0.67845,0.86349,1.7818,4.7286,9.3407,8.2442,9.9986,2.5151,0.93887,0.37007,0.29468,0.28783,0.26042,0.30839,0.20559,0.30839
0.13706,0.34951,0.39063,0.53454,0.58251,0.74698,0.81552,1.3158,6.0513,9.1077,6.9079,10.547,2.5562,1.165,0.76069,0.42489,0.27412,0.38377,0.23986,0.16447,0.31524
0.21245,0.2193,0.28098,0.48657,0.32895,0.5551,0.81552,1.6584,5.551,9.0049,5.8114,10.979,3.3306,1.0896,0.6716,0.52769,0.38377,0.28098,0.16447,0.30154,0.18503
0.22615,0.28098,0.28783,0.35636,0.4523,0.67845,0.71272,2.0765,5.8046,8.2305,5.9827,11.506,3.1593,1.213,0.41118,0.50027,0.50713,0.37007,0.25356,0.19874,0.22615
0.35636,0.45916,0.32895,0.35636,0.58251,0.58936,0.93202,2.1039,6.5858,7.5247,5.4208,11.897,2.9468,1.3226,0.68531,0.47971,0.46601,0.26042,0.24671,0.30154,0.26727
0.30154,0.53454,0.41118,0.43174,0.62363,0.67845,0.64419,1.5282,7.696,7.0244,4.9411,11.835,3.2758,1.1993,0.59622,0.47286,0.32895,0.31524,0.233,0.19189,0.233
0.19189,0.39748,0.34951,0.35636,0.59622,0.47286,0.82237,1.8161,8.3402,6.298,4.4819,10.739,3.4197,1.4391,0.78125,0.50713,0.26042,0.25356,0.21245,0.25356,0.16447
0.21245,0.36321,0.233,0.47286,0.52769,0.43174,0.63734,1.8572,8.0661,5.9142,4.2421,11.171,4.0707,1.3226,0.74013,0.39063,0.37692,0.24671,0.30839,0.34265,0.10965
0.25356,0.24671,0.39063,0.54825,0.39748,0.59622,0.87719,2.4054,8.3882,5.7086,3.5293,12.034,4.0433,1.3089,0.5551,0.50027,0.41118,0.29468,0.28783,0.34951,0.30154
0.25356,0.36321,0.37692,0.39748,0.46601,0.58936,0.82237,2.7207,9.0186,5.0302,3.4814,11.76,3.6116,1.3295,0.60992,0.42489,0.41804,0.40433,0.57566,0.30154,0.20559
0.34265,0.233,0.32209,0.38377,0.45916,0.46601,1.0005,2.5973,8.9021,4.4682,2.9605,11.102,4.7286,1.6105,0.79496,0.47286,0.36321,0.39748,0.32209,0.15762,0.20559
0.29468,0.32895,0.30154,0.37692,0.47971,0.65104,0.78125,2.8646,10.005,4.4751,2.9537,11.705,5.0987,1.8092,0.54139,0.48657,0.25356,0.39748,0.1165,0.2193,0.22615
0.28098,0.3358,0.38377,0.37692,0.4523,0.69901,0.84978,3.1044,11.15,3.4334,2.8646,12.226,5.5099,2.0148,0.58936,0.43174,0.43174,0.30839,0.34265,0.29468,0.19189
0.233,0.40433,0.41804,0.51398,0.43174,0.48657,1.0005,3.0428,10.711,3.3512,2.2341,11.075,5.6195,1.9737,0.63734,0.47286,0.35636,0.36321,0.31524,0.15077,0.28098
0.22615,0.28098,0.48657,0.39748,0.54139,0.52083,1.1376,2.9057,10.883,2.8851,2.0628,10.101,6.2363,1.864,0.70587,0.46601,0.42489,0.36321,0.37007,0.2193,0.18503
0.32895,0.32209,0.39063,0.50713,0.73328,0.54825,1.3775,3.7486,11.876,3.6184,1.8161,11.033,6.7845,2.1382,0.5688,0.37692,0.38377,0.31524,0.18503,0.19874,0.17818
0.18503,0.21245,0.20559,0.50713,0.49342,0.39748,1.0143,4.153,12.397,2.5493,1.7338,11.842,6.6338,2.3506,0.57566,0.46601,0.40433,0.44545,0.18503,0.2193,0.25356
0.26727,0.32209,0.20559,0.41118,0.60307,0.62363,1.165,3.9337,12.055,2.5082,1.8777,10.019,8.0249,2.0902,0.65104,0.53454,0.52083,0.22615,0.37692,0.24671,0.18503
0.24671,0.34951,0.26042,0.32209,0.4386,0.6716,1.5008,4.0365,12.63,2.0148,1.4391,8.8679,8.8336,2.426,0.72643,0.47971,0.28098,0.35636,0.39063,0.14391,0.21245
0.4386,0.46601,0.28098,0.233,0.47286,0.60307,1.8024,4.7492,12.404,2.5699,1.165,9.889,7.9907,3.0702,0.79496,0.59622,0.63048,0.25356,0.46601,0.17818,0.13706
0.35636,0.28098,0.4386,0.39748,0.32209,0.60307,1.6105,4.4888,13.329,2.1724,1.2952,9.6765,7.6069,3.639,0.72643,0.56195,0.47971,0.22615,0.34265,0.17133,0.233
0.4523,0.30154,0.3358,0.30839,0.50713,0.70587,1.4803,5.2083,14.357,1.7749,1.6721,7.9975,10.088,3.8035,1.0211,0.7744,0.5551,0.3358,0.29468,0.28783,0.25356
0.28098,0.30154,0.30839,0.48657,0.50027,0.56195,1.4803,5.4276,13.13,1.4254,1.3363,7.8262,10.739,3.7418,0.71957,0.54825,0.41804,0.34265,0.32209,0.28783,0.27412
0.18503,0.37007,0.27412,0.46601,0.51398,0.54825,1.4049,5.7566,12.582,1.4117,1.1033,7.7097,10.047,4.0296,0.54139,0.56195,0.43174,0.32209,0.14391,0.30154,0.42489
0.26042,0.37007,0.39748,0.4386,0.76069,0.57566,1.5694,5.7703,12.198,1.5625,1.0417,7.0175,10.163,4.1118,0.79496,0.4386,0.39063,0.43174,0.30154,0.31524,0.30154
0.37692,0.25356,0.34951,0.41804,0.63734,0.84293,1.4803,6.4419,14.172,1.5145,1.4323,6.2294,11.698,4.5984,0.84978,0.28783,0.30839,0.37692,0.28098,0.26042,0.2193
0.17133,0.39748,0.47286,0.45916,0.51398,0.82237,1.3912,7.1135,14.604,1.494,1.2061,5.8936,11.383,5.0713,1.0211,0.70587,0.36321,0.40433,0.22615,0.28098,0.25356
0.26727,0.35636,0.34951,0.54825,0.61678,1.0622,1.6447,8.2717,13.555,1.2473,1.2404,5.4825,11.088,4.7766,1.0005,0.5551,0.37007,0.27412,0.34265,0.21245,0.17818
0.36321,0.39063,0.30154,0.50027,0.58251,0.65789,1.7133,8.0249,12.575,1.1376,0.90461,4.9411,11.856,5.3591,1.2747,0.64419,0.3358,0.44545,0.17818,0.19874,0.30839
0.39063,0.34265,0.48657,0.41804,0.54139,0.75384,1.864,7.8742,11.904,1.3089,0.82922,4.1118,12.521,5.7634,1.3089,0.82237,0.35636,0.37692,0.22615,0.23986,0.2193
0.49342,0.39063,0.41118,0.38377,0.47971,0.54139,2.0765,8.2717,12.274,0.89775,0.82237,3.9953,13.432,5.736,1.2815,0.57566,0.39748,0.39748,0.15077,0.32895,0.22615
0.34951,0.54139,0.36321,0.60307,0.57566,0.74013,2.1587,9.2037,11.095,1.2541,0.86349,3.4197,13.144,7.0655,1.2336,0.63048,0.35636,0.32209,0.16447,0.26042,0.20559
0.24671,0.4523,0.37692,0.43174,0.50027,0.88405,2.1176,9.9232,10.382,1.1376,0.7881,3.1593,13.987,6.901,1.3638,0.66475,0.3358,0.35636,0.28783,0.28098,0.29468
0.21245,0.25356,0.43174,0.30154,0.50713,0.90461,2.4945,10.033,10.232,0.76069,0.62363,3.077,13.631,6.9627,1.5077,0.66475,0.30154,0.40433,0.32895,0.13021,0.26727
0.29468,0.39063,0.40433,0.39063,0.60992,0.81552,2.5493,10.91,9.7245,0.62363,0.69216,2.2752,14.275,7.4698,1.3775,0.79496,0.34951,0.29468,0.30839,0.16447,0.32209
0.24671,0.29468,0.48657,0.39748,0.71272,0.7881,2.7961,10.746,9.2516,0.82922,0.6716,2.4328,14.549,8.1757,1.5625,0.67845,0.34951,0.26727,0.13021,0.27412,0.41118
0.32209,0.32895,0.50027,0.34951,0.56195,0.9937,2.844,10.91,8.7651,0.84978,0.65789,2.5082,14.919,9.3065,1.5008,0.73328,0.43174,0.35636,0.23986,0.233,0.53454
0.38377,0.26042,0.45916,0.41804,0.74013,0.84978,3.2621,12.945,8.7651,0.63048,0.58936,2.0628,14.741,8.5115,2.0354,0.60307,0.5688,0.3358,0.28098,0.26727,0.27412
0.27412,0.38377,0.37692,0.58936,0.52769,0.79496,3.3306,12.664,7.6412,0.95943,0.60307,1.4666,13.98,8.1277,1.9394,0.61678,0.3358,0.27412,0.34265,0.233,0.38377
0.26042,0.3358,0.49342,0.73328,0.63734,1.0005,3.6732,11.801,6.8051,1.0691,0.56195,1.5351,13.576,9.7108,1.6036,0.5551,0.41804,0.32209,0.23986,0.45916,0.30839
0.29468,0.56195,0.47971,0.45916,0.74698,0.67845,4.0433,12.987,6.2637,0.85663,0.71957,1.3158,14.323,10.396,2.3917,0.46601,0.25356,0.38377,0.32895,0.37692,0.24671
0.25356,0.28783,0.37007,0.50713,0.69901,0.7881,4.3586,13.35,5.5715,0.76069,0.43174,1.6721,13.816,10.471,2.7207,0.53454,0.39063,0.23986,0.233,0.28098,0.21245
0.37692,0.32209,0.4523,0.51398,0.53454,0.87034,5.0987,13.96,5.7155,0.65789,0.52083,1.9737,12.959,10.478,2.892,0.51398,0.56195,0.22615,0.37007,0.19874,0.26042
0.41118,0.32209,0.35636,0.54825,0.66475,0.82922,4.8383,14.631,4.9205,0.75384,0.58251,1.9257,12.925,11.321,2.8235,0.69901,0.52083,0.38377,0.29468,0.39748,0.233
0.30154,0.4386,0.43174,0.73328,0.66475,1.028,4.4751,14.7,4.6258,0.76754,0.71957,1.3089,13.233,11.308,3.0702,0.68531,0.47286,0.5551,0.32895,0.32895,0.32895
0.36321,0.50713,0.41804,0.65104,0.64419,0.82237,4.8451,14.789,3.9679,0.92516,0.64419,1.0759,11.863,11.78,3.2895,0.69901,0.4523,0.42489,0.26042,0.233,0.3358
0.28783,0.53454,0.45916,0.59622,0.45916,1.1445,5.7634,15.008,3.5293,0.50713,0.72643,1.1582,12.212,11.883,3.7829,0.76069,0.48657,0.47286,0.23986,0.28098,0.19874
0.30839,0.32209,0.43174,0.65104,0.50713,1.679,6.4762,15.495,3.3854,0.58936,0.65789,0.98684,11.308,13.316,3.7212,1.028,0.56195,0.44545,0.34265,0.36321,0.17818
0.44545,0.57566,0.47286,0.56195,0.5551,1.0348,6.6886,14.693,2.892,0.75384,0.6716,0.94572,11.431,13.281,4.4065,1.1787,0.5551,0.32895,0.24671,0.23986,0.28783
0.30839,0.40433,0.44545,0.53454,0.61678,0.9937,7.1546,16.153,2.7549,0.66475,0.84978,1.213,10.06,12.945,4.4134,1.213,0.3358,0.25356,0.15762,0.24671,0.28098
0.39063,0.22615,0.42489,0.71272,0.70587,1.3295,6.9285,16.838,2.6384,0.80866,0.69216,1.0896,9.9095,12.836,4.619,1.2061,0.52769,0.47286,0.29468,0.26042,0.39748
0.39063,0.39063,0.42489,0.39748,0.65789,1.5419,7.0381,15.481,2.6042,0.69216,0.71957,0.89775,9.3339,13.076,4.9822,1.1239,0.62363,0.5688,0.3358,0.19874,0.23986
0.52083,0.27412,0.35636,0.54139,0.51398,0.93202,7.3259,14.953,2.1382,0.9937,0.54139,0.88405,9.094,14.021,5.7155,1.1308,0.68531,0.50027,0.3358,0.28783,0.26042
0.26042,0.43174,0.30839,0.69901,0.47971,1.3158,8.0798,14.268,2.3643,0.51398,0.51398,0.76754,7.8468,13.617,5.7086,0.93202,0.4386,0.48657,0.31524,0.28098,0.26727
0.47971,0.29468,0.31524,0.43174,0.69216,2.1656,9.9301,14.953,1.727,0.49342,0.65104,0.93202,8.5184,13.466,6.1541,1.2473,0.4386,0.41118,0.30839,0.29468,0.19874
0.39063,0.28098,0.58251,0.5688,0.60307,1.7612,9.9027,14.522,1.8777,0.60992,0.52083,0.76069,7.1683,13.576,6.5447,1.4391,0.4523,0.47971,0.28783,0.41118,0.28098
0.43174,0.37692,0.35636,0.4523,0.60992,1.9531,10.362,14.94,1.7201,0.45916,0.5688,0.74013,6.0787,14.919,7.045,1.494,0.50713,0.40433,0.19874,0.39748,0.30154
0.43174,0.38377,0.39748,0.74013,0.70587,2.3506,10.732,14.796,1.5351,0.71957,0.56195,0.86349,5.9759,14.652,7.3122,1.3501,0.49342,0.39063,0.35636,0.37692,0.26042
0.29468,0.3358,0.40433,0.43174,0.89775,2.1245,11.342,13.823,1.3843,0.65789,0.5551,0.79496,4.9274,14.57,8.2854,1.6379,0.53454,0.44545,0.41804,0.27412,0.26727
0.17133,0.39063,0.47286,0.50027,0.70587,2.3712,11.602,12.13,1.5282,0.43174,0.58936,0.6716,4.5436,14.385,8.5458,2.1861,0.64419,0.48657,0.45916,0.39063,0.34265
0.34951,0.45916,0.34951,0.5551,0.83607,2.9057,10.478,12.479,1.3638,0.67845,0.57566,0.71957,5.1124,14.878,9.7177,2.2272,0.76069,0.34951,0.30839,0.39063,0.22615
0.22615,0.52769,0.46601,0.52083,0.75384,2.8372,11.602,12.096,1.5077,0.47286,0.57566,0.62363,4.153,14.001,9.1488,2.2615,0.6716,0.20559,0.4386,0.3358,0.40433
0.27412,0.38377,0.4386,0.71957,0.80181,2.8166,12.479,10.3,1.1993,0.59622,0.57566,0.58251,4.0296,14.823,9.7725,2.3986,0.65789,0.50713,0.37692,0.32895,0.30839
0.43174,0.38377,0.46601,0.80866,0.96628,3.0154,13.466,9.9644,1.3501,0.83607,0.5551,0.44545,3.4539,14.624,10.129,2.8509,0.67845,0.42489,0.43174,0.40433,0.43174
0.39063,0.53454,0.74013,0.39063,0.91831,3.824,12.959,9.4641,1.261,0.47971,0.50027,0.5551,3.2004,14.823,10.89,3.2209,0.75384,0.4523,0.32895,0.37692,0.43174
0.39748,0.71957,0.39063,0.54825,0.93202,3.687,13.98,8.8199,1.028,0.37007,0.44545,0.7881,3.0565,14.652,11.191,3.0291,0.60307,0.49342,0.37007,0.39063,0.26727
0.30839,0.4386,0.48657,0.62363,0.69216,3.6732,14.7,7.415,1.2678,0.48657,0.51398,0.67845,3.0085,13.782,11.239,3.4882,0.6716,0.53454,0.34265,0.40433,0.22615
0.41118,0.48657,0.47286,0.54139,0.97999,4.6806,13.528,6.7982,1.1856,0.53454,0.51398,0.65104,2.7686,13.151,12.294,4.3997,0.82922,0.39063,0.34265,0.26727,0.41118
0.25356,0.41804,0.4386,0.71957,1.1445,4.5984,14.72,5.8662,1.1171,0.4523,0.52083,0.6716,2.2889,14.234,12.459,3.9131,1.0965,0.32209,0.45916,0.28098,0.44545
0.37692,0.58251,0.52769,0.65789,1.1239,4.9342,15.488,6.0376,1.1376,0.65789,0.74013,0.60307,2.2615,12.301,12.404,4.7697,0.91831,0.49342,0.72643,0.28783,0.46601
0.48657,0.52769,0.62363,0.81552,1.4871,5.4139,16.276,5.7155,0.94572,0.60992,0.45916,0.57566,2.33,13.288,13.747,4.6601,1.2336,0.53454,0.4386,0.47286,0.36321
0.49342,0.57566,0.63048,0.59622,1.2678,5.5784,17.215,5.2632,0.97314,0.69216,0.61678,0.6716,1.7064,12.342,13.268,4.6875,1.0554,0.52083,0.4523,0.4523,0.36321
0.31524,0.67845,0.69901,0.71272,1.1719,5.6058,18.524,5.2906,0.80181,0.7744,0.52083,0.75384,1.7887,10.499,12.617,4.7081,1.0417,0.72643,0.42489,0.34265,0.34265
0.4386,0.45916,0.62363,0.82922,1.1308,6.4762,18.024,4.7081,0.93887,0.69901,0.56195,0.6716,1.6516,9.8616,13.425,5.9759,0.94572,0.44545,0.38377,0.25356,0.37007
0.51398,0.4386,0.47971,0.81552,1.6173,6.9696,17.941,4.6258,0.6716,0.57566,0.50713,0.60992,1.4323,9.8342,13.59,6.0238,1.2541,0.48657,0.22615,0.43174,0.29468
0.32895,0.73328,0.52769,0.68531,1.7133,6.1404,16.715,3.8583,0.60307,0.47286,0.54139,0.66475,1.0759,10.396,15.138,6.202,1.1376,0.60992,0.4523,0.26727,0.34951
0.54825,0.66475,0.39063,0.7881,1.5899,6.9833,17.009,2.9194,0.80181,0.48657,0.42489,0.74013,1.0554,9.6765,15.371,7.8262,1.398,0.54825,0.30154,0.32209,0.45916
0.54825,0.74698,0.36321,0.67845,1.5899,7.3739,18.791,3.0085,0.78125,0.47971,0.63734,0.72643,1.261,9.1351,15.392,8.0318,1.8092,0.51398,0.34951,0.36321,0.34265
0.72643,0.71272,0.46601,0.86349,1.9326,8.6691,17.701,2.5768,0.85663,0.54825,0.70587,0.60307,1.261,8.7925,15.858,8.0729,2.0559,0.5551,0.32209,0.51398,0.27412
0.4386,0.41118,0.54139,0.96628,2.2341,8.9296,18.277,2.0628,0.95943,0.65789,0.5688,0.68531,1.0896,8.4498,15.913,7.9564,1.631,0.69216,0.40433,0.45916,0.41804
0.37007,0.47971,0.45916,0.82922,2.3917,9.0666,18.928,2.1039,0.8909,0.51398,0.43174,0.57566,1.1787,7.0655,17.331,8.114,1.5556,0.65104,0.39063,0.34951,0.30839
0.36321,0.43174,0.51398,0.8909,2.3712,9.1009,18.126,2.2615,0.69216,0.54139,0.46601,0.59622,1.0965,6.668,17.14,8.5252,1.9668,0.68531,0.62363,0.39063,0.39063
0.53454,0.47286,0.60992,0.96628,2.0422,10.341,16.687,2.1039,0.74698,0.48657,0.71957,0.61678,1.0828,6.4008,18.942,9.0666,1.727,0.79496,0.63048,0.48657,0.47971
0.31524,0.52769,0.72643,0.89775,2.4603,10.924,17.516,1.9052,0.74013,0.50713,0.64419,0.68531,1.0965,6.1883,17.201,10.191,1.9394,0.80181,0.35636,0.35636,0.47286
0.49342,0.5688,0.75384,1.0828,2.9468,11.739,17.092,1.5351,0.78125,0.68531,0.64419,0.76754,1.2473,5.366,17.681,10.691,2.892,0.82922,0.39748,0.54825,0.47286
0.53454,0.50713,0.60307,0.98684,3.2004,12.212,16.043,1.6036,0.71272,0.52083,0.63734,0.63734,1.1993,5.2083,18.49,11.705,2.6658,0.72643,0.54825,0.4523,0.50027
0.56195,0.49342,0.79496,0.90461,3.2072,12.288,15.145,1.5145,0.69216,0.54139,0.5688,0.61678,0.91146,4.7355,18.935,11.815,2.8851,0.82237,0.48657,0.40433,0.45916
0.37692,0.47286,0.63048,1.0622,3.5293,13.083,14.398,1.679,0.64419,0.73328,0.51398,0.6716,0.95258,4.3106,17.468,13.014,3.3512,0.63048,0.39063,0.47971,0.30154
0.49342,0.75384,0.37007,0.93887,3.5567,14.117,14.809,1.398,0.79496,0.60992,0.65104,0.50713,0.73328,3.9611,16.859,13.542,3.8309,0.83607,0.63734,0.50713,0.34265
0.47971,0.52083,0.72643,1.165,3.9679,14.316,14.433,1.2747,0.54825,0.5551,0.3358,0.45916,0.73328,3.4677,17.503,13.288,4.1941,0.91146,0.46601,0.44545,0.43174
0.37692,0.75384,0.65104,1.1171,3.872,14.762,14.254,1.0896,0.76069,0.78125,0.63734,0.71957,0.70587,3.4539,16.571,13.877,4.3174,0.69901,0.5688,0.47286,0.28098
0.4386,0.6716,0.59622,1.0417,5.0439,15.611,13.898,1.2473,0.48657,0.64419,0.48657,0.37692,0.64419,2.8166,17.112,14.254,4.8314,1.0211,0.5688,0.34265,0.42489
0.61678,0.47971,0.63048,1.4323,5.4482,16.372,13.028,1.0417,0.71957,0.60992,0.52083,0.49342,0.8909,2.6521,17.537,14.734,5.2563,1.1239,0.52769,0.46601,0.50713
0.63048,0.4386,0.71272,1.3706,5.2837,16.125,11.986,1.5625,0.7881,0.44545,0.44545,0.83607,0.87034,2.5425,16.687,14.323,5.3934,1.1787,0.52769,0.58936,0.41118
0.57566,0.44545,0.90461,1.3226,5.0164,16.064,11.623,1.0417,0.64419,0.42489,0.63734,0.93887,0.83607,2.1382,15.913,15.104,6.1198,0.8909,0.49342,0.47971,0.39748
0.46601,0.54825,0.6716,1.3912,5.8936,16.879,11.061,1.028,0.69901,0.74013,0.43174,0.72643,0.68531,2.1861,16.345,15.879,6.017,1.0828,0.58936,0.43174,0.47971
0.50713,0.65104,0.88405,1.6584,6.3939,18.668,10.238,1.0005,0.63048,0.71957,0.6716,0.74698,0.52769,2.2889,17.359,16.598,6.0444,1.213,0.51398,0.52083,0.7881
0.65789,0.44545,0.84978,1.4597,6.5104,20.196,9.0872,1.0074,0.64419,0.67845,0.48657,0.7744,0.72643,1.8024,17.057,17.304,7.6343,1.3912,0.71957,0.53454,0.56195
0.4523,0.34265,0.84293,1.3432,6.3596,20.223,9.0323,0.8909,0.62363,0.76069,0.52769,0.52083,0.66475,1.6242,16.578,18.017,7.4904,1.631,0.62363,0.69216,0.37007
0.49342,0.65789,0.7744,2.1656,7.7714,20.909,7.6686,1.2473,0.81552,0.68531,0.58251,0.73328,0.94572,1.7612,14.371,19.086,7.8468,1.5694,0.48657,0.50713,0.32209
0.47971,0.78125,0.76069,2.0148,7.929,19.709,7.0244,1.165,0.69216,0.50713,0.50027,0.47971,0.76754,1.8229,13.158,17.421,9.3544,1.2404,0.69216,0.5688,0.60992
0.56195,0.76754,1.0348,2.3712,8.7925,20.388,5.4002,1.1171,0.62363,0.52769,0.4523,0.67845,0.59622,1.727,13.178,17.749,9.8067,1.679,0.65789,0.52083,0.57566
0.45916,0.47971,1.0828,2.5768,9.2379,21.286,5.7908,0.91146,0.64419,0.52769,0.73328,0.61678,0.82237,1.2678,13.425,18.791,9.7793,1.864,0.63048,0.58251,0.51398
0.67845,0.69216,0.73328,2.5699,9.375,22.19,5.0096,1.0896,0.53454,0.62363,0.71272,0.60992,0.89775,1.2884,13.158,17.749,10.355,1.8983,0.67845,0.58936,0.59622
0.46601,0.81552,0.76069,3.3374,10.328,24.02,4.7218,1.1993,0.76754,0.52083,0.81552,0.63048,0.91831,1.0554,12.774,19.175,11.52,2.5493,0.47971,0.46601,0.56195
0.54825,0.76069,0.8909,2.7892,10.485,22.937,4.2626,1.0691,0.87719,0.71272,0.66475,0.74013,0.62363,1.2404,12.26,19.079,12.774,1.9394,0.67845,0.37007,0.51398
0.5688,0.80181,1.1445,2.9126,12.205,23.067,4.7423,0.76069,0.80181,0.69216,0.71957,0.83607,0.5551,0.91831,11.513,20.58,12.911,2.3438,0.79496,0.45916,0.42489
0.49342,0.54825,1.3569,3.6253,11.266,24.746,4.2489,0.96628,0.82922,0.53454,0.54139,0.69901,0.66475,1.1513,11.431,19.497,12.637,2.5836,1.028,0.66475,0.43174
0.71957,0.76069,1.1376,3.6047,11.842,23.91,3.7897,0.98684,0.45916,0.64419,0.59622,0.54825,0.72643,1.0965,9.8753,20.758,13.425,2.8988,0.68531,0.62363,0.44545
0.49342,0.6716,1.1582,4.2352,13.233,22.917,3.2278,0.95943,0.76754,0.52083,0.54825,0.5551,0.7881,0.8909,8.7788,20.964,14.748,2.9126,1.0554,0.62363,0.34265
0.68531,0.69216,1.0485,4.3928,13.836,26.22,2.6316,0.9937,0.58936,0.52083,0.48657,0.46601,0.4386,0.92516,8.1689,20.854,15.837,2.892,0.89775,0.42489,0.32895
0.66475,0.71272,1.2747,4.4476,13.322,25.672,2.1107,0.73328,0.36321,0.54139,0.90461,0.63734,0.89775,0.84978,7.6138,20.539,15.152,3.9062,1.0417,0.41118,0.32895
0.50713,0.84978,1.5488,4.6875,13.357,24.102,2.5562,0.68531,0.90461,0.52769,0.5551,0.75384,0.82922,0.81552,8.2579,20.6,14.57,4.1872,0.85663,0.34951,0.39748
0.61678,0.51398,1.4049,4.6395,15.742,25.377,2.5082,1.0348,0.60992,0.66475,0.32895,0.51398,0.71957,0.62363,7.1752,21.245,17.092,4.3311,1.0828,0.54825,0.28098
0.72643,0.56195,1.3706,4.5025,16.331,24.973,2.3095,0.67845,0.69216,0.80181,0.59622,0.52769,0.74698,0.83607,5.8594,20.299,16.763,4.8931,1.0896,0.53454,0.40433
0.58936,0.87034,1.8366,4.9479,15.803,25.021,2.4534,0.87719,0.61678,0.60307,0.50713,0.58251,0.74698,0.76069,6.812,20.635,16.427,5.1398,1.0074,0.70587,0.4386
0.70587,0.78125,1.912,6.1335,16.55,24.013,2.0285,0.81552,0.53454,0.7881,0.47286,0.58936,0.58936,0.94572,5.8868,19.079,16.495,6.065,1.2267,0.50027,0.61678
0.97999,0.92516,1.3569,5.8868,17.667,23.677,1.9942,0.79496,0.60992,0.5688,0.4523,0.48657,0.44545,1.0005,4.0159,19.833,18.531,5.2357,0.97314,0.48657,0.63048
0.80181,0.95258,1.4529,6.2774,17.393,23.671,1.9668,0.73328,0.69901,0.53454,0.50713,0.56195,0.74698,0.64419,4.2146,19.504,17.777,6.0581,1.1376,0.49342,0.44545
0.69901,0.82922,1.2404,6.6269,19.113,23.52,1.6927,0.60307,0.57566,0.5688,0.8909,0.37007,0.66475,0.76754,3.7486,19.559,17.873,6.2089,0.8909,0.34951,0.3358
0.63734,0.72643,1.3501,6.8394,19.936,20.121,1.727,0.75384,0.69216,0.52083,0.32209,0.54139,0.50713,0.82922,4.1255,19.052,18.236,6.7092,0.91146,0.50713,0.41118
0.91146,0.76069,1.4529,6.7777,20.84,19.737,1.5214,0.82237,0.57566,0.54139,0.47286,0.49342,0.5688,0.9937,3.0565,18.716,17.242,6.6886,0.84978,0.58251,0.43174
0.60307,0.61678,1.5899,7.4356,19.415,18.688,1.1787,0.81552,0.50713,0.43174,0.59622,0.75384,0.63734,0.58936,2.8303,17.681,16.982,6.2843,0.8909,0.58251,0.29468
0.39748,0.81552,1.5762,7.7714,18.263,18.551,1.2747,0.58936,0.66475,0.41804,0.30839,0.37692,0.62363,0.71957,2.6384,16.756,16.612,6.2226,0.82237,0.53454,0.40433
0.60307,0.65789,1.494,6.5652,17.88,15.563,1.2198,0.59622,0.51398,0.43174,0.37007,0.29468,0.5688,0.53454,2.0285,14.22,13.041,6.1609,0.84293,0.52769,0.40433
0.60307,0.61678,1.1033,6.2431,14.947,12.843,0.84293,0.69216,0.46601,0.4523,0.233,0.3358,0.52769,0.4386,1.6653,11.938,12.815,5.7497,0.7744,0.34265,0.28098
0.5688,0.66475,0.91831,5.1672,13.699,10.691,0.74013,0.39748,0.30839,0.19189,0.34951,0.30154,0.4386,0.4386,1.2267,9.841,10.245,4.5025,0.63734,0.32209,0.25356
0.4523,0.50027,1.0417,4.2283,9.9849,8.5526,0.62363,0.32209,0.39748,0.15762,0.21245,0.28783,0.30839,0.18503,1.0143,7.0381,7.0038,3.6321,0.50713,0.18503,0.2193
0.27412,0.39063,0.67845,3.639,7.7577,5.8114,0.72643,0.34951,0.21245,0.2193,0.26727,0.19189,0.32209,0.23986,0.70587,4.9959,5.8662,2.7344,0.5688,0.18503,0.17133
0.15077,0.30839,0.63734,2.6179,5.6332,4.1667,0.50027,0.28098,0.24671,0.1165,0.15762,0.18503,0.21245,0.18503,0.43174,3.9268,4.0502,1.7887,0.19874,0.082237,0.13706
0.18503,0.17133,0.50027,1.3843,3.2552,2.659,0.26042,0.30154,0.15762,0.068531,0.1028,0.233,0.15077,0.13021,0.26042,1.9737,2.1724,1.1719,0.17818,0.13021,0.047971
0.22615,0.095943,0.34951,1.2678,1.9463,1.6653,0.16447,0.068531,0.054825,0.041118,0.075384,0.08909,0.075384,0.08909,0.15077,1.2404,1.7612,0.88405,0.17818,0.10965,0.0068531
0.1165,0.095943,0.19189,0.65789,1.3775,0.79496,0.13706,0.082237,0.041118,0.10965,0.068531,0.047971,0.08909,0.095943,0.18503,0.84978,0.91146,0.34951,0.061678,0.068531,0.013706
0.1028,0.034265,0.1028,0.40433,0.80866,0.50713,0.095943,0.054825,0,0.027412,0.020559,0.054825,0.020559,0.047971,0.082237,0.2193,0.29468,0.19189,0.0068531,0.0068531,0.0068531
0.013706,0.1028,0.15077,0.21245,0.44545,0.233,0.1165,0,0.047971,0,0.041118,0.041118,0.020559,0,0.10965,0.233,0.23986,0.2193,0.054825,0,0
0.020559,0.041118,0.020559,0.075384,0.19874,0.08909,0.08909,0,0.034265,0.0068531,0,0.0068531,0.068531,0.013706,0.034265,0.075384,0.14391,0.082237,0.013706,0,0
0.061678,0,0,0.08909,0.095943,0.041118,0.020559,0.020559,0.020559,0.054825,0,0.0068531,0.020559,0,0.020559,0.082237,0.020559,0.020559,0.0068531,0,0
0.034265,0,0.013706,0.034265,0.020559,0,0,0.027412,0,0.0068531,0,0,0.013706,0.0068531,0.013706,0.0068531,0.0068531,0.013706,0.041118,0.0068531,0
0.013706,0,0.020559,0.013706,0.020559,0,0,0.020559,0,0.013706,0,0.034265,0.013706,0.020559,0.0068531,0.020559,0.013706,0,0.020559,0,0
0.0068531,0,0,0,0.0068531,0.0068531,0.0068531,0,0,0,0,0.068531,0.020559,0,0.0068531,0.034265,0.013706,0,0.0068531,0,0
0,0,0,0,0.020559,0.0068531,0.0068531,0,0,0,0,0.013706,0.027412,0,0.0068531,0,0.013706,0,0,0,0
0,0,0,0,0.047971,0,0.0068531,0.034265,0,0.0068531,0.013706,0,0,0,0,0,0,0,0,0,0
0,0,0.0068531,0.013706,0,0,0.020559,0,0.0068531,0,0,0.0068531,0.027412,0.013706,0.013706,0,0.0068531,0,0,0,0
0,0,0.0068531,0.020559,0,0,0.013706,0.013706,0,0,0,0,0,0,0.020559,0,0,0.027412,0,0,0
0,0,0,0.013706,0,0.0068531,0,0,0,0,0,0,0,0,0,0,0,0.0068531,0,0,0
0,0.041118,0,0,0,0.054825,0,0.013706,0.020559,0,0.0068531,0,0,0,0.020559,0.013706,0,0,0.013706,0.020559,0
0,0.0068531,0.020559,0,0,0.013706,0.0068531,0,0.020559,0.013706,0,0,0.0068531,0,0.013706,0.027412,0,0,0.020559,0,0
0,0,0.013706,0,0.0068531,0.0068531,0.0068531,0,0.020559,0,0,0,0,0.0068531,0,0,0.013706,0.0068531,0,0,0
0,0,0,0,0.013706,0.013706,0,0,0.034265,0.0068531,0,0.013706,0,0.013706,0,0,0,0.020559,0.0068531,0,0
0,0,0,0,0.0068531,0,0.020559,0.013706,0,0,0.0068531,0.0068531,0,0,0,0,0,0,0.013706,0,0.013706
0,0,0,0.034265,0.0068531,0,0.013706,0,0,0,0.0068531,0.0068531,0.020559,0,0,0,0,0,0,0,0.027412
0.013706,0.020559,0,0.0068531,0,0.013706,0,0,0,0,0,0.041118,0,0.0068531,0,0,0,0,0.0068531,0,0
0,0,0,0,0,0,0.0068531,0.013706,0,0,0,0,0,0,0,0,0,0,0,0,0
0.013706,0,0.013706,0,0.034265,0,0.020559,0.0068531,0,0,0,0,0,0,0.0068531,0.0068531,0,0.013706,0.0068531,0,0
0,0,0,0.013706,0,0.020559,0,0,0,0,0,0,0,0,0,0.013706,0,0.013706,0.0068531,0,0
0.013706,0,0.034265,0,0.0068531,0.0068531,0,0.013706,0,0,0,0,0,0,0.020559,0.0068531,0.0068531,0.013706,0.013706,0,0
0.041118,0.020559,0,0,0.013706,0.0068531,0,0,0,0,0.013706,0,0,0.0068531,0.013706,0.013706,0,0,0,0.013706,0
0,0,0,0,0,0.013706,0,0.0068531,0,0,0,0,0,0.0068531,0,0,0,0,0,0,0
0,0,0.0068531,0,0,0,0,0.020559,0,0,0,0.020559,0,0,0.013706,0.0068531,0,0,0,0.0068531,0
0,0,0,0.020559,0,0,0.020559,0.013706,0,0,0,0,0.013706,0,0,0,0,0,0,0.020559,0
0,0,0,0,0,0,0,0,0,0,0,0,0,0,0,0.013706,0,0,0,0.0068531,0
0,0,0,0,0,0,0,0,0,0,0,0,0,0.0068531,0,0,0,0,0,0.0068531,0
0,0,0,0,0,0,0,0,0,0,0,0,0,0.013706,0,0,0.0068531,0,0.0068531,0.013706,0
0,0.020559,0,0.013706,0.0068531,0,0.0068531,0,0,0,0,0,0.013706,0,0.013706,0,0.0068531,0.0068531,0.013706,0,0
0,0,0,0,0,0,0,0,0.0068531,0,0,0,0.027412,0,0,0,0,0,0,0,0
0,0,0,0,0,0,0.013706,0.0068531,0.0068531,0,0,0.013706,0,0.0068531,0,0,0,0,0,0,0
0,0,0,0,0,0,0,0,0,0,0,0.0068531,0,0.0068531,0,0,0,0,0,0,0.013706
